Keyword,TENCODED_general_kw_class
+SAT1 +de +live,0.185714286
+abfallkalender +gera,0.35896301866666663
+accurx,0.267746719779661
+audibene +hörgerät +kosten,0.267746719779661
+capirotada +de +leche +sin +horno,0.312353843
+car +boot +sales +this +sunday,0.2705204412
+catholic +mass +live +online +streaming,0.18051325449275363
+e +cards +without +subscription,0.17006725683582088
+find +someone +electoral +roll +free,0.18051325449275363
+free +uk +census +1911,0.18051325449275363
+friendly's +ice +cream +sundaes,0.2240362744226804
+goodguys +show,0.2705204412
+greek +salad +recipe +authentic,0.2240362744226804
+how +to +bake +asparagus +in +oven,0.312353843
+how +to +cook +precooked +ham,0.312353843
+mein +schiff +deckplan,0.24026240165217394
+menards +rebate +forms +printable,0.2062878475972222
+motability +car +scheme +price +list,0.2705204412
+online +passover +seder,0.18051325449275363
+ostermotive +für +kerzen,0.2000442785
+peliculas +cristianas +en +español,0.16430397279710143
+roasting +time +leg +of +lamb,0.2240362744226804
+route +map +aa +route +planner,0.24026240165217394
+rtl +streamen +live,0.16430397279710143
+sonnenblumenöle,0.2240362744226804
+state +of +ohio +obituaries,0.042253521
+tracfone +my +balance,0.102272727
+what +are +the +rarest +2 +pound +coins,0.214182055
+what +exactly +is +passover,0.14878141654166666
1 dollar silver certificate,0.214182055
123greetings birthday cards,0.17006725683582088
1950 census records search,0.18051325449275363
24h zahnarzt notdienst,0.267746719779661
40 best easter bible verses,0.18051325449275363
418 beispiele rede,0.17219752712903227
5 love languages what are they,0.19751817105882352
50 plus hairstyles for women,0.2100645484
7 +sayings +of +the +cross,0.14878141654166666
7 last sayings of christ,0.14878141654166666
70 geburtstags sprüche,0.18051325449275363
700 club prayer request online,0.14878141654166666
70th birthday quotes,0.17006725683582088
80 geburtstag lustig,0.17006725683582088
80 geburtstag sprueche,0.19751817105882352
90 geburtstag sprüche,0.17006725683582088
90 geburtstag text,0.17006725683582088
99 restaurant menu take out,0.2240362744226804
a prayer before dinner,0.17219752712903227
aberdeen bus routes,0.24026240165217394
abkürzungen blutwerte,0.267746719779661
accordions,0.2000442785
activate netspend all access card,0.214182055
activate netspend card,0.214182055
adobe photoshop free,0.20675171498113207
adobe photoshop software,0.20675171498113207
adobe photoshop softwear,0.20675171498113207
air fryer owners manual,0.27921356185714286
air ticket check online,0.24026240165217394
airline book flights,0.24026240165217394
airport parking dublin,0.24026240165217394
aktuelle düngerpreise preis,0.27921356185714286
aktueller preis für pellets,0.2720001781
aktueller ölpreis heute,0.214182055
aktuelles prospekt von edeka,0.2062878475972222
alaska flight status,0.24026240165217394
alte telefonkarten wert,0.2000442785
amizone online shopping,0.2062878475972222
ancestry for free,0.18051325449275363
ankunftszeiten berlin schönefeld,0.24026240165217394
anpassungsbetrag rente,0.2525012280689655
antenna signal map,0.20675171498113207
antivirus for my pc,0.20675171498113207
any desk download,0.20675171498113207
anydesk free version,0.20675171498113207
anydesk pc download,0.20675171498113207
apa formatting citation,0.17219752712903227
apartments 2 bedrooms,0.33314478799999997
apple schedule an appointment,0.20675171498113207
applebees price menu,0.2240362744226804
apply for a lost title online,0.2525012280689655
arbys near me menu,0.2240362744226804
ard medietek,0.16430397279710143
ark encounter williamstown kentucky,0.24026240165217394
arte tv sendung,0.16430397279710143
asolo theatre sarasota fl,0.16430397279710143
audio book listen online,0.17219752712903227
audio books listen free,0.17219752712903227
audio to text converter,0.20675171498113207
aufsitzmaeher kaufen,0.27921356185714286
aufsitzmäher vorführgeräte,0.27921356185714286
avaya phone manuals,0.20675171498113207
average cost of dog walker,0.26498105671428573
baby text geburt,0.17006725683582088
badegarten eibenstock,0.24026240165217394
bahntickets sparpreise,0.24026240165217394
baking pecans in oven,0.2240362744226804
banana bread moist recipe easy,0.2240362744226804
bankruptcy house sale,0.33314478799999997
bass pro official site,0.22387479100000002
bayern 3fernsehen,0.16430397279710143
bbc new live today,0.20959429405000002
beautiful birthday messages,0.19751817105882352
beautiful small garden ideas,0.27921356185714286
beginner excel training,0.17219752712903227
beginner typing course free,0.17219752712903227
begrüßungsrede beispiel,0.17219752712903227
begrüßungsrede geburtstagsgäste,0.19751817105882352
beileidskarte richtig schreiben,0.18051325449275363
beileidskarte schreiben kurz,0.19751817105882352
berliner testament vorlage kostenlos,0.2525012280689655
besinnliche ostergrüße,0.17006725683582088
best anniversary messages,0.17219752712903227
best coconut pie ever,0.2240362744226804
best deviled eggs ever,0.2240362744226804
best deviled eggs recipe ever,0.2240362744226804
best diet to lower cholestrol,0.267746719779661
best dog for senior citizen,0.26498105671428573
best hairstyles for senior women,0.2100645484
best jewish noodle kugel recipe,0.2240362744226804
best movie downloading sites,0.16430397279710143
best paraphrasing,0.17219752712903227
best way to peel a boiled egg,0.2240362744226804
best way to stop a nose bleed,0.267746719779661
billy graham museum library,0.18051325449275363
birth certificate online view,0.2525012280689655
bissell registration online,0.27921356185714286
black decker manuals,0.27921356185714286
blank lease agreement,0.2525012280689655
blood oxygen level by age,0.267746719779661
blue disabled badge application,0.2525012280689655
bluetooth install,0.20675171498113207
blutzuckergerät ohne stechen,0.267746719779661
bmi calculators and charts,0.267746719779661
boat for sale for sale,0.2705204412
bob evans menu order online,0.2240362744226804
bocce ball rules simple,0.22387479100000002
bonefish menu with prices dinner,0.2240362744226804
book to read online,0.17219752712903227
booking ticket flight,0.24026240165217394
books free downloads,0.17219752712903227
boots pcr testing,0.267746719779661
braun series 9 handbuch,0.20675171498113207
bride bucket seats,0.2705204412
broadband free speed test,0.20675171498113207
browser download for pc,0.20675171498113207
broyhill furniture official website,0.27921356185714286
bsr berlin gelber sack abholung,0.2720001781
buffalo news buffalo ny,0.20959429405000002
burger kings specials,0.2240362744226804
business proposal templates,0.1564113975
bügeleisensohle reinigen,0.27921356185714286
calculate bond value,0.214182055
call of duty pc game download,0.16430397279710143
canada visa application,0.2525012280689655
canli tv atv canli yayin,0.16430397279710143
captain d's prices,0.2240362744226804
car boot sale sunday,0.2062878475972222
car boot sales this sunday,0.2062878475972222
care of peace lily indoor plant,0.27921356185714286
carrabba's dinner menu,0.2240362744226804
carrabba's restaurant menu prices,0.2240362744226804
cars on motability scheme,0.2705204412
cash immediately loan,0.214182055
catholic church services near me,0.18051325449275363
catholic confession act of contrition,0.18051325449275363
cell phone location track,0.20675171498113207
champion cross reference chart,0.2705204412
cheap car park dublin airport,0.24026240165217394
cheap flight booking,0.24026240165217394
cheap flight ticket,0.24026240165217394
cheapest petrol near me,0.2705204412
check electoral roll for free,0.2525012280689655
check plagiarism free,0.17219752712903227
check vehicle vin,0.2705204412
chick fil a meal prices,0.2240362744226804
chili s take out menu,0.2240362744226804
chipotle to go menu,0.2240362744226804
chosen season 2 episode 1,0.16430397279710143
christliche sprüche ostern,0.18051325449275363
church resolution for a funeral,0.18051325449275363
cirrus bank atm locations,0.214182055
classic golf clubs value,0.22387479100000002
classic solitaire with cards,0.16430397279710143
clock dials faces,0.2000442785
cocker spaniels for rehoming,0.26498105671428573
cocomelon kids songs,0.16430397279710143
columbus ohio obituaries by name,0.20959429405000002
comment apprendre l anglais,0.17219752712903227
complete 7 round mock draft,0.22387479100000002
computer games for kids,0.16430397279710143
conferencia mañanera en vivo,0.20959429405000002
congratulations greetings,0.17006725683582088
container location tracking,0.2705204412
cooking boneless lamb,0.2240362744226804
cooking leg lamb time,0.2240362744226804
cookworks food slicer parts,0.27921356185714286
coopers catalogue online,0.2062878475972222
coopers shop online,0.2062878475972222
cord of wood delivered near me,0.27921356185714286
cordless drill repair,0.27921356185714286
corn hole game rules,0.22387479100000002
cotton traders on line,0.2062878475972222
coursera courses online,0.17219752712903227
cover letters examples jobs,0.1564113975
cracker barrel menu online order,0.2240362744226804
creamy carbonara recipe,0.2240362744226804
create a free logo,0.19836590251724137
create a good cv,0.1564113975
create a logo design,0.2000442785
create own floor plan,0.27921356185714286
create your online signature,0.19836590251724137
crochet patterns for afghans free,0.2000442785
crochet patterns to print out,0.2000442785
cruises from rosyth scotland,0.24026240165217394
cuisinart registration online,0.27921356185714286
culver's food menu,0.2240362744226804
currency exchange rate today,0.214182055
cute bridal shower sayings,0.17006725683582088
cv format download,0.1564113975
dahoam is dahoam sendung verpaßt,0.16430397279710143
daily effective prayer healing,0.14878141654166666
dance mom episodes full,0.16430397279710143
date of birth astrology,0.14878141654166666
db bahn fahrplanauskunft,0.24026240165217394
dehydration in senior citizens,0.267746719779661
denny's menu prices,0.2240362744226804
dessous erotik,0.2100645484
determinate tomato plant,0.27921356185714286
diamant hochzeit sprüche,0.17006725683582088
die schönsten ostergrüße,0.17006725683582088
disability placard renewal,0.2525012280689655
discontinued corelle dinnerware sets,0.2062878475972222
distance between to locations,0.24026240165217394
doll hospital repair,0.27921356185714286
donate used eyeglasses,0.2720001781
download ipvanish vpn,0.19836590251724137
download photoshop ps,0.20675171498113207
downloadmusic,0.16430397279710143
downlode music for free,0.16430397279710143
dr charles stanley,0.14878141654166666
dr david jeremiah sermon today,0.18051325449275363
dr tony evans message today,0.18051325449275363
drinking baking soda water everyday,0.267746719779661
drinking the water,0.267746719779661
e free greeting cards,0.17006725683582088
easter and passover greetings,0.17006725683582088
easter blessing prayers,0.19751817105882352
easter dinner cracker barrel,0.2240362744226804
easter poems and quotes,0.18051325449275363
easter prayers and blessings,0.14878141654166666
easter sayings for cards,0.17006725683582088
easter verses for cards,0.17006725683582088
easter wishes for grandson,0.17006725683582088
easy brown sugar mustard glaze,0.2240362744226804
easy passover haggadah,0.14878141654166666
easy peal boiled eggs,0.2240362744226804
easy peel hard boiled egg secrets,0.12506969199999998
easy way to hard boil eggs,0.2240362744226804
edeka angebote dieser woche,0.2062878475972222
edeka blätterprospekt,0.2062878475972222
edeka katalog zum blättern,0.2062878475972222
edward hamilton discount books,0.17219752712903227
eintrittspreise zoo leipzig,0.24026240165217394
electric typewriter repair,0.20675171498113207
elektro dreirad gebraucht kaufen,0.2705204412
engine oil for your car,0.2705204412
english words dictionary,0.17219752712903227
ethiopian airlines booking,0.24026240165217394
example of an sop,0.17219752712903227
example strategic plan,0.1564113975
examples of a short bio,0.17219752712903227
ezgo golf cart identification,0.2705204412
f1b cockapoo puppies,0.26498105671428573
fahrplanauskunft dt bahn,0.24026240165217394
fahrrad rahmengröße tabelle,0.22387479100000002
fahrtauskunft bahn,0.24026240165217394
farmers boys menu,0.2240362744226804
fashion for senior ladies,0.2062878475972222
federal form i 9 printable,0.2525012280689655
female prisoners penpals,0.19751817105882352
fiberglass golf cart,0.2705204412
financial statement format,0.214182055
find my phone by imei number,0.20675171498113207
find obituary,0.18051325449275363
finding out if someone has died,0.2525012280689655
finlake lodges for sale,0.33314478799999997
firehouse subs full menu,0.2240362744226804
five two love scott family quintuplets,0.2358457288
fixed deposite interest rates,0.214182055
flash mob dancing,0.16430397279710143
flight cancellations ba,0.24026240165217394
flowering shrubs for shade,0.27921356185714286
flowering shrubs for shady areas,0.27921356185714286
foid card renewal form,0.2525012280689655
foods not to eat with ibs,0.267746719779661
foods to avoid for diverticulosis,0.267746719779661
force outboard engine parts,0.2705204412
ford tire rebate online,0.2705204412
foreign exchange rates today,0.214182055
foreign money exchange rates,0.214182055
formatos para cv gratis,0.1564113975
fotos große brüste,0.13322047733333334
fram oil filter lookup chart,0.2705204412
free 123 greeting cards,0.17006725683582088
free 1921 census search,0.18051325449275363
free afghan crochet patterns easy,0.2000442785
free census search by name,0.18051325449275363
free clipart for easter,0.2000442785
free comprehension test,0.17219752712903227
free custom logo maker,0.2000442785
free cv maker,0.1564113975
free cv resume template,0.1564113975
free cv template,0.1564113975
free cv template word,0.1564113975
free cv templetes,0.1564113975
free data recovery soft,0.20675171498113207
free deceased person search,0.18051325449275363
free downloades music,0.16430397279710143
free downlodable music,0.16430397279710143
free e cards no subscription,0.17006725683582088
free easter egg hunt clues,0.18051325449275363
free easter scavenger hunt riddles,0.16430397279710143
free english level test,0.17219752712903227
free invoice format,0.19836590251724137
free lyrics to print out,0.16430397279710143
free lyrics to songs to print,0.16430397279710143
free movie website,0.16430397279710143
free mp4 to mp3 convertor,0.20675171498113207
free passover haggadah,0.1805132544927536
free powerpoint template,0.19836590251724137
free preschool alphabet printables,0.2358457288
free printable easter sheets,0.18051325449275363
free printable piano music,0.2000442785
free proposal templates,0.17219752712903227
free puppies to good homes,0.26498105671428573
free samples and loops,0.16430397279710143
free scanner frequencies by zip code,0.19836590251724137
free scavenger hunts,0.17219752712903227
free sound effects downloads,0.16430397279710143
free spelling grammar check,0.17219752712903227
free templates for cv,0.1564113975
free typing master software,0.17219752712903227
free vpn for laptop,0.19836590251724137
free vpn in chrome,0.19836590251724137
freemovies to watch,0.16430397279710143
fresh ham recipe slow cooker,0.2240362744226804
frohe ostern wünsche texte,0.17006725683582088
full bollywood movies,0.16430397279710143
full english latest movies,0.16430397279710143
full shade ground cover plants,0.27921356185714286
fully cooked ham recipes oven,0.2240362744226804
fully funded scholarship,0.17219752712903227
fähre nach insel föhr,0.24026240165217394
füßball bundesliga,0.22387479100000002
gabi fastner gymnastik,0.267746719779661
gabi fastner morgengymnastik,0.267746719779661
games of pc,0.16430397279710143
garden nurseries near me,0.27921356185714286
gardening zone map by zip code,0.27921356185714286
gas golf cart sale,0.2705204412
gas station non ethanol near me,0.2705204412
geburtstag sprüche schön,0.17006725683582088
geburtstagswünsche brief,0.17006725683582088
geburtstagswünsche für frauen,0.18051325449275363
geile frauen,0.13322047733333334
geile junge damen,0.13322047733333334
gestern in der ard,0.16430397279710143
get copy of 1095 a,0.214182055
get free robux real,0.16430397279710143
gewinncode,0.19836590251724137
gewinnspiel krombacher,0.16430397279710143
ghin post scores online,0.22387479100000002
glückwünsche zur geburt junge,0.17006725683582088
goldene hochzeit rede,0.17006725683582088
golf cart for sale for sale,0.2705204412
good friday church service,0.19751817105882352
good friday holy mass,0.18051325449275363
good friday services,0.14878141654166666
good morning america recipes today,0.2240362744226804
good vegetables to feed dogs,0.26498105671428573
gottesdienst zu karfreitag,0.18051325449275363
gottingen flohmarkt,0.2062878475972222
gout diet foods to avoid,0.267746719779661
gratis prnofilme,0.13322047733333334
great clips c,0.2100645484
great clips make appointment,0.2062878475972222
größentabelle inch cm,0.19836590251724137
grüße zu ostern kostenlos,0.17006725683582088
guest wedding outfits for ladies,0.17006725683582088
gürtelrosen bilder,0.267746719779661
hairstyles senior women,0.2100645484
ham honey brown sugar glaze,0.2240362744226804
handicap parking permit form,0.2525012280689655
happy marriage day wishes,0.19751817105882352
happy passover greetings,0.17006725683582088
hartford courant obituaries ct,0.20959429405000002
heilige familie,0.18051325449275363
heizöl tagespreis hoyer,0.2720001781
hepatica plant,0.27921356185714286
hermes parcel service near me,0.35896301866666663
herrschners yarns,0.2000442785
hess trucks by year value,0.2062878475972222
highest magnesium foods list,0.267746719779661
hochbeete richtig befüllen,0.27921356185714286
hochzeitsrede brautvater,0.17006725683582088
holy mass easter sunday,0.19751817105882352
honda radio code website,0.2705204412
honda trikes for sale near me,0.2705204412
hotpoint tall freezers frost free,0.27921356185714286
house age check,0.33314478799999997
house history by address free,0.33314478799999997
how do i cook asparagus,0.2240362744226804
how do i download movies,0.16430397279710143
how do i find out my apple id,0.20675171498113207
how do i measure for bra size,0.2100645484
how do you establish a golf handicap,0.22387479100000002
how long to cook 11lb ham,0.2240362744226804
how much is my golf cart worth,0.214182055
how to clean burnt stainless pot,0.27921356185714286
how to convert file to mp4 free,0.20675171498113207
how to create a cheese platter,0.2240362744226804
how to find wps pin for hp printer,0.20675171498113207
how to fix smoke detector chirping,0.27921356185714286
how to make cat stop biting,0.26498105671428573
how to make printer offline to online,0.20675171498113207
how to make simple dog treats,0.2240362744226804
how to measure for a walking stick,0.267746719779661
how to renew disabled badge,0.2525012280689655
how to ripen avocados fast,0.2240362744226804
how to say the divine mercy novena,0.18051325449275363
how to setup printer on chromebook,0.20675171498113207
how to unlock sct tuner for free,0.2705204412
how to use miralax powder,0.267746719779661
html code for website,0.19836590251724137
human body anatomy diagrams,0.267746719779661
hummel figurines value old,0.2062878475972222
hummingbird food sugar water,0.26498105671428573
idealer blutdruck ab 60,0.267746719779661
ielts english test practice,0.17219752712903227
ielts preparation test,0.17219752712903227
ielts reading academic,0.17219752712903227
image to text converter,0.20675171498113207
imei phone tracker,0.19836590251724137
in loving memory poems,0.19751817105882352
in memory sayings and phrases,0.19751817105882352
iptv m3u channels,0.16430397279710143
ischias schmerzen symptome,0.267746719779661
jack box fast food menu,0.2240362744226804
jackie lawson easter cards,0.17006725683582088
jacquie larson ecards,0.17006725683582088
jacquie lawson gift cards,0.17006725683582088
jason deli menu with prices,0.2240362744226804
jello easter egg,0.2240362744226804
jetblue book flight,0.24026240165217394
jewish greetings for passover,0.14878141654166666
jewish holiday calander,0.14878141654166666
jewish recipe for brisket,0.2240362744226804
jews by country,0.18051325449275363
joann fabric and crafts store,0.2000442785
joann fabrics shop online,0.2000442785
joanne fabric online,0.2000442785
joanns fabric and craft store,0.2000442785
john crace guardian articles,0.20959429405000002
john lewis clearance sale,0.2062878475972222
jon boats for,0.22387479100000002
jpg file size reducer,0.19836590251724137
ju 52 rundflug,0.24026240165217394
kabel 1 live,0.16430397279710143
kaufland diese woche im angebot,0.2062878475972222
kid friendly haggadah,0.17219752712903227
kids coloring pages free printable,0.2358457288
kings burger menu,0.2240362744226804
kings polish,0.27921356185714286
klarna kundenservice kontakt email,0.2062878475972222
kochzeit frischer spargel,0.2240362744226804
kohl online,0.2062878475972222
kommunion sprüche kindgerecht,0.14878141654166666
kommunion sprüche kurz,0.14878141654166666
kommunion sprüche texte,0.18051325449275363
komoot tourenplanung,0.22387479100000002
konzerte elbphilharmonie,0.16430397279710143
kostenlose osterbilder,0.2000442785
kostenlose ostergrüsse,0.17006725683582088
krombacher gewinnspiel,0.2240362744226804
kubota serial number year,0.2705204412
kurze sprüche zum 70 geburtstag,0.19751817105882352
kündigung vorlagen mietvertrag,0.2525012280689655
ladies dresses petite,0.2062878475972222
ladies two piece wedding outfits,0.2062878475972222
landkarte ukraine,0.24026240165217394
latest crude oil price,0.214182055
latest tamil movies,0.16430397279710143
laundry symbol chart,0.27921356185714286
lee valley online catalog,0.27921356185714286
liebe worte für eine trauerkarte,0.19751817105882352
lion club glasses donation,0.333333333
list of deer resistant shrubs,0.27921356185714286
list of food that is gluten free,0.2240362744226804
listening ielts test,0.17219752712903227
little caesars pizza menu online,0.2240362744226804
live cricket match tv channel,0.22387479100000002
live football live streaming,0.22387479100000002
live football stream app,0.22387479100000002
live football tv stream,0.22387479100000002
lizenzfreie bilder ostern,0.2000442785
local mobility scooters,0.267746719779661
local recent obituaries,0.20959429405000002
locate my phone by imei,0.20675171498113207
lowe weekly ad sales,0.2062878475972222
lpg filling stations near me,0.2705204412
ltd commodities clearance sale,0.2062878475972222
lucas funeral home obituaries,0.20959429405000002
lunch menu for cracker barrel,0.2240362744226804
lurcher rescue,0.19751817105882352
lustige ostergrüße kostenlos,0.17006725683582088
lustige sprüche zum 70,0.19751817105882352
lustiger geburtstagstext,0.17006725683582088
mackinac island ferry rates,0.24026240165217394
mafs australia full episodes,0.16430397279710143
make e signature free,0.19836590251724137
make own logo free,0.2000442785
manual for brother sewing machine,0.2000442785
manual for ge self cleaning oven,0.27921356185714286
marco's pizza menu,0.2240362744226804
marina hyde guardian,0.20959429405000002
marketing plan samples,0.1564113975
matrix kappsäge ersatzteile,0.27921356185714286
mcdonald's menu prices,0.2240362744226804
meaning of the 7 last words of jesus,0.18051325449275363
measure hat size chart,0.2062878475972222
meet singles for free,0.19751817105882352
meine bahn fahrplan,0.24026240165217394
meine deutschlandcard punktestand,0.2062878475972222
memorial memorials & funerals,0.35896301866666663
menu for captain d's,0.2240362744226804
menu for chop house,0.2240362744226804
menu for cracker barrel dinner,0.2240362744226804
menu tgi fridays restaurant,0.2240362744226804
message for sympathy,0.19751817105882352
metz fernseher testsieger,0.20675171498113207
michigan county map with cities,0.24026240165217394
microsoft excel download,0.20675171498113207
microsoft office free install,0.20675171498113207
microsoft word free,0.20675171498113207
mietspiegel finden,0.33314478799999997
military id renew,0.2525012280689655
mobile cat grooming near me,0.2062878475972222
monsoon dresses for women,0.2062878475972222
montecarlo tennis live,0.22387479100000002
month birthstone colors,0.18051325449275363
months and their birthstones,0.18051325449275363
moto g user manual,0.20675171498113207
mr cooper mortgage payments,0.214182055
mt4 windows download,0.20675171498113207
mustertext für trauerkarte,0.2000442785
my fortiva com my account,0.214182055
my wish mother son dance,0.17006725683582088
münchen hbf gleisplan,0.24026240165217394
name of the 12 disciples,0.14878141654166666
naturist photography,0.2000442785
navy graduation live stream,0.17219752712903227
nba playoffs schedule bracket,0.22387479100000002
nearest long john silvers to me,0.2240362744226804
nearest open chemist,0.2062878475972222
nearest twic card office,0.2525012280689655
need for speed download,0.16430397279710143
need for speed for laptop,0.16430397279710143
netspend activate card,0.214182055
nette sprüche zum einzug,0.2000442785
netto prospekt aktuell zum blättern,0.2062878475972222
netto prospekt blättern,0.2062878475972222
netto prospekt zum blättern,0.2062878475972222
new movies bollywood,0.16430397279710143
new release movies to watch,0.16430397279710143
new short hairstyles for older women,0.2100645484
nextdoor neighbourhood,0.19836590251724137
nhs dental practice nearby,0.267746719779661
non profit grant funding,0.2525012280689655
norma prospekte aktuelle angebote,0.2062878475972222
normal range for body temperature,0.267746719779661
notdienst zahnarzt heute geöffnet,0.267746719779661
notes for sympathy card,0.19751817105882352
number plate value instant,0.2705204412
obituaries deaths,0.20959429405000002
obituaries in minnesota,0.20959429405000002
obituaries indianapolis star,0.20959429405000002
obituaries winston salem nc,0.20959429405000002
obituary in phoenix az,0.20959429405000002
ocr convert image to text,0.19836590251724137
ohio death records online,0.18051325449275363
older woman dresses,0.2062878475972222
oleander zurückschneiden,0.27921356185714286
olive garden menu online order,0.2240362744226804
olive gardens toscana soup recipe,0.2240362744226804
online bestellung rewe,0.2062878475972222
online ordnance survey map,0.19836590251724137
online phone tracking,0.20675171498113207
open mic night near me,0.16430397279710143
original 7 layer salad recipe,0.2240362744226804
original spider solitaire free,0.16430397279710143
originelle verse zum 80,0.19751817105882352
orion produkte,0.2062878475972222
otaola en vivo hoy,0.20959429405000002
oven cleaning baking soda,0.27921356185714286
over 60 hairstyles for women,0.2100645484
over 60 womens haircuts,0.2100645484
ownership of boundary fences,0.2525012280689655
oxygen levels chart by age,0.267746719779661
panda express takeout menu,0.2240362744226804
panera full menu,0.2240362744226804
parakeets on sale,0.2720001781
paraphrasing tool free,0.17219752712903227
passenger locator form spain,0.24026240165217394
passion of the christ for free,0.16430397279710143
pc games computer games,0.16430397279710143
pcr test in meiner nähe,0.267746719779661
penny prospekt zum blättern,0.2062878475972222
petrol prices nearby,0.2705204412
phone numbers directory,0.19836590251724137
photoshop download for pc,0.20675171498113207
photoshop software,0.20675171498113207
pictures of bobs hairstyles,0.2100645484
pioneer woman's recipes,0.2240362744226804
play call of duty,0.16430397279710143
play farm ville 2,0.16430397279710143
poems of grief and loss,0.19751817105882352
poems to read at funerals,0.19751817105882352
pontoon marine,0.2705204412
pontoon mini boat,0.22387479100000002
postcodes in england,0.19836590251724137
potassium foods highest to lowest,0.267746719779661
powerpoint download,0.20675171498113207
powerpoint template free,0.19836590251724137
prayer of st francis words,0.18051325449275363
premier sports free trial,0.22387479100000002
presidents rated best to worst,0.18051325449275363
prevagen negative side effects,0.267746719779661
print form 1095 a,0.2525012280689655
print lyrics for free,0.16430397279710143
printable activities for kids,0.2358457288
printable easter egg hunt clues,0.17219752712903227
printable rainbow bridge for cats,0.26498105671428573
printable scavenger hunt list,0.2000442785
printable tenancy agreement,0.2525012280689655
professional cv examples,0.1564113975
propane gas bottles near me,0.27921356185714286
psychometric test online,0.17219752712903227
public military records free,0.18051325449275363
publisher clear house,0.2062878475972222
publishers clearin house,0.17219752712903227
publishers clering house,0.2062878475972222
pulse for seniors,0.267746719779661
purplewave com auction,0.19836590251724137
pushpa full movie,0.16430397279710143
quest lab supply order form,0.267746719779661
quick cures for constipation,0.267746719779661
quick deviled egg recipe,0.2240362744226804
quik shade instant canopy parts,0.22387479100000002
quillbot paraphrasing tool,0.17219752712903227
quotes for easter,0.17006725683582088
rabbit purchase,0.26498105671428573
radio vision d espoir tv live,0.16430397279710143
ragdoll ragdoll,0.26498105671428573
rare marbles worth money,0.214182055
ray boltz thank you,0.16430397279710143
rays printable schedule,0.22387479100000002
read any book for free,0.17219752712903227
reading samples for oet,0.17219752712903227
reasons for dry mouth at night,0.267746719779661
recipe for brown sugar carrots,0.2240362744226804
recipe for cold broccoli salad,0.2240362744226804
recipe for pistachio salad,0.2240362744226804
recipes of air fryer,0.2240362744226804
recover lost email account,0.19836590251724137
recycle eyeglasses near me,0.2720001781
red hat women's club,0.19751817105882352
reden für goldene hochzeit,0.17006725683582088
reel to reel for sale for sale,0.20675171498113207
refurbished mobility scooters,0.2062878475972222
research proposal,0.17219752712903227
restore sound on my computer,0.20675171498113207
resume template for free,0.1564113975
resume templates download,0.1564113975
resume templates for free,0.1564113975
resurrection poems for church,0.18051325449275363
rewe angebote prospekt woche,0.2062878475972222
rewe sonderangebote prospekt,0.2062878475972222
roasting time leg of lamb,0.2240362744226804
rt deu,0.20959429405000002
rt russia tv live,0.20959429405000002
rtl fernsehen live anschauen,0.16430397279710143
rtl jetzt live sehen,0.16430397279710143
rtl live kostenlos,0.16430397279710143
rtl live kostenlos streamen,0.16430397279710143
rtl live stream kostenlos,0.16430397279710143
rundflug mit zeppelin,0.24026240165217394
rural king supply,0.2062878475972222
safeway ad this week,0.2062878475972222
same day pcr testing near me,0.267746719779661
sample condolences message,0.19751817105882352
sample letter of resignation letters,0.1564113975
sample of thanks letter,0.17219752712903227
sample proposal templates,0.17219752712903227
samples of a project proposal,0.17219752712903227
samples of meeting minutes,0.17219752712903227
sat 1 verpasste sendungen,0.16430397279710143
saturday car boots,0.2062878475972222
scanner for documents,0.20675171498113207
scavenger hunt for kids game,0.22387479100000002
scholarships in usa,0.17219752712903227
schrottpreise tagespreis,0.333333333
schuhgröse,0.2062878475972222
schöne beileidssprüche,0.17006725683582088
schöne osterkarten,0.17006725683582088
schöne persönliche trauersprüche,0.17006725683582088
schöne sprüche zum 60,0.19751817105882352
schöne sprüche zum 85 geburtstag,0.19751817105882352
schöne sprüche zum geburtstag,0.19751817105882352
schöne sprüche zur kommunion,0.14878141654166666
schöne taufsprüche,0.14878141654166666
schöne zitate zur geburt,0.17006725683582088
schöner spruch für hochzeit,0.17006725683582088
schöner spruch zum geburtstag,0.17006725683582088
scotts spreader parts,0.27921356185714286
seamless underwear sets,0.2062878475972222
search obituaries for free,0.18051325449275363
search obituaries online,0.18051325449275363
second hand bicycles,0.22387479100000002
second hand books for sale,0.2062878475972222
seder plate for passover,0.18051325449275363
self cleaning oven instructions,0.27921356185714286
self propelled cordless mower,0.27921356185714286
send e cards free,0.17006725683582088
sennheiser manuals,0.20675171498113207
sernik przepis łatwy,0.2240362744226804
sheetz reward card registration,0.2062878475972222
short and sweet wedding wishes,0.17006725683582088
short church easter poems,0.18051325449275363
short condolences quotes,0.19751817105882352
short easter stories for adults,0.17219752712903227
short hair cut photos,0.2100645484
short hair cuts for seniors,0.2100645484
short haircuts for very thin hair,0.267746719779661
short hairstyles curly hair,0.2100645484
short hairstyles mature women,0.2100645484
short passover haggadah,0.18051325449275363
short printable haggadah,0.14878141654166666
shrubs for shaded areas,0.27921356185714286
shrubs that do well in shade,0.27921356185714286
siemens fehler,0.27921356185714286
silberschmuck reinigen mit alufolie,0.27921356185714286
site rencontre sérieux,0.19751817105882352
skip hire cheapest,0.27921356185714286
small dog rescue in my area,0.2720001781
small skip hire cost,0.27921356185714286
smart dresses for wedding,0.2062878475972222
soil temperature map,0.2720001781
sonnenblumenöl günstig kaufen,0.2240362744226804
sonnenblumenöl kaufen,0.12506969199999998
sosandar women's clothing,0.2062878475972222
sound volume increase,0.20675171498113207
spain passenger locater form,0.24026240165217394
sprüche für neugeborene jungen,0.17006725683582088
sprüche zum umzug,0.17006725683582088
st patrick live mass,0.18051325449275363
star wars free printable,0.16430397279710143
stool color pictures,0.267746719779661
styrofoam recycling centers near me,0.2720001781
subway order menu,0.2240362744226804
suche älteren hund hunde,0.26498105671428573
sudoku kostenlos,0.16430397279710143
symbole wäschezeichen,0.27921356185714286
sympathy note loss of mother,0.17006725683582088
sätze zum danke sagen,0.18051325449275363
taufe taufe,0.18051325449275363
taxi berlin berechnen,0.24026240165217394
taxi ride cost calculator,0.24026240165217394
tchibo de online shop,0.2062878475972222
tchibo online bestellen,0.2062878475972222
tcm full schedule,0.16430397279710143
technics electric keyboard,0.20675171498113207
teig rezept für waffeln,0.2240362744226804
telefonnummern rückwärtssuche,0.19836590251724137
tesco leg of lamb half price,0.2240362744226804
text zur geburt baby,0.17006725683582088
texte beileidskarten,0.18051325449275363
texte für die kommunion,0.14878141654166666
texte für eine geburtstagskarte,0.17006725683582088
tfc kapamilya daily mass,0.14878141654166666
the best ever pecan pie,0.2240362744226804
the doctors tv show online,0.267746719779661
the passover story for seder,0.18051325449275363
the right words for a sympathy card,0.17006725683582088
the sash my father wore,0.18051325449275363
the villages sun obituaries,0.20959429405000002
thomas philipps aktueller prospekt,0.2062878475972222
tia stroke explained,0.267746719779661
tierarzt notdienst in der nähe,0.26498105671428573
today show recipes today,0.2240362744226804
today's date date,0.20959429405000002
today's full episode young restless,0.16430397279710143
today's pioneer woman recipes,0.2240362744226804
tolle nackte frauen,0.13322047733333334
top 10 built in double ovens,0.27921356185714286
top 10 cam sites,0.19836590251724137
top 10 must read fiction books,0.17219752712903227
top ten book club reads,0.17219752712903227
tracfone my account balance,0.214182055
tracing mobile phone location,0.19836590251724137
track my phone with imei,0.20675171498113207
track my stolen phone free,0.20675171498113207
track phone with number free,0.20675171498113207
traditional deviled eggs recipe,0.2240362744226804
traditional jewish food for passover,0.2240362744226804
translate documents free,0.18051325449275363
transparent bikini swimwear,0.2062878475972222
travel requirements for spain,0.24026240165217394
triplex airbrush,0.2000442785
tsa precheck renewal form,0.2525012280689655
turkish airlines ticket,0.24026240165217394
turnitin free checker,0.17219752712903227
turnitin plagiarism checker,0.17219752712903227
turnitin self checker,0.17219752712903227
tv8 canlı yayın survivor,0.16430397279710143
types of epilepsy seizure,0.267746719779661
uk gold price live,0.214182055
understanding down syndrome,0.267746719779661
uniden 6.0 user manual,0.20675171498113207
unze gramm rechner,0.19836590251724137
usda growing zone by zip code,0.27921356185714286
used bowls bowls,0.22387479100000002
used caravans near me,0.2705204412
used golf cart near me,0.2705204412
used trolling motors sale,0.22387479100000002
vacation paper stop,0.24026240165217394
value first day covers,0.214182055
vehicle history report,0.2705204412
velodyne subwoofer parts,0.20675171498113207
vermont country store online catalog,0.2062878475972222
vin number vehicle check,0.2705204412
visit tubi tv activate enter code,0.16430397279710143
vows in wedding ceremony,0.17006725683582088
vtech cordless phones manual,0.20675171498113207
vtech user manual,0.20675171498113207
w 9 blank form irs,0.2525012280689655
w 9 form to print out,0.2525012280689655
w9 form printable,0.2525012280689655
walk in health clinic near me,0.267746719779661
waltham serial numbers,0.2000442785
was darf man essen bei gicht,0.267746719779661
was ist eine bipolare erkrankung,0.267746719779661
was ist eine bipolare störung,0.267746719779661
was ist novaminsulfon,0.267746719779661
was ist podcast,0.16430397279710143
watch film,0.16430397279710143
watch nba game live now,0.22387479100000002
wdr fernsehn mediathek,0.16430397279710143
wedding ladies trouser suit,0.2062878475972222
wedding outfits ladies,0.2062878475972222
wedding outfits mother groom,0.17006725683582088
wedding wishes sample,0.17006725683582088
weekly ad for hy vee,0.2062878475972222
weekly specials at harris teeter,0.2062878475972222
wendy's menu with prices,0.2240362744226804
wendy's take out menu,0.2240362744226804
western stoneware crock,0.2000442785
what are star notes worth,0.214182055
what can t diabetics eat list,0.267746719779661
what day is passover this year,0.18051325449275363
what do i write in a sympathy card,0.17006725683582088
what does passover mean,0.18051325449275363
what exactly is passover,0.18051325449275363
what foods can i eat with acid reflux,0.267746719779661
what is good about good friday,0.18051325449275363
what is my 50p worth,0.214182055
what is my ee bond worth today,0.214182055
what is the right temp for a fridge,0.27921356185714286
what should my oxygen level be,0.267746719779661
whats open easter sunday,0.2062878475972222
wheelheels,0.22387479100000002
when is passover over,0.14878141654166666
where can i sell my hummels,0.2062878475972222
where to sell deer hides,0.2062878475972222
which best cordless lawnmower,0.27921356185714286
who has diesel fuel near me,0.2705204412
windshield cowl panel,0.2705204412
wisconsin obituary records,0.2525012280689655
women short hair cut style,0.267746719779661
wording on memorial headstones,0.18051325449275363
words to the wedding song,0.17006725683582088
worte für trauernde,0.19751817105882352
worte zur jugendweihe,0.17006725683582088
write a report sample,0.17219752712903227
writing an obituary template,0.18051325449275363
writing checker online,0.17219752712903227
wünsche für neugeborene,0.2358457288
wünsche für ostern,0.17006725683582088
xfinity for comcast,0.20675171498113207
zeppelin rundflug,0.24026240165217394
zeppelinflüge preise,0.24026240165217394
zitate sprüche,0.18051325449275363
zitate sprüche weisheiten,0.17219752712903227
zoggs childrens swimwear,0.2062878475972222
zora klipp,0.16430397279710143
zuckertest werte tabelle,0.267746719779661
zug verbindungen,0.24026240165217394
zugverbindungen db,0.24026240165217394
zum 60 lustige sprüche,0.19751817105882352
zum 70 geburtstag texte,0.17006725683582088
zum 90 geburtstag spruch,0.17006725683582088
zum ostern wünsche,0.2000442785
zusammen masturbieren,0.13322047733333334
zutaten raclette rezepte,0.2240362744226804
zwei brüder venlo kaffee,0.2240362744226804
zweite liga tabelle,0.22387479100000002
ältere hunde für senioren,0.26498105671428573
ärzte sterbehilfe,0.267746719779661
öffnungs zeiten,0.2062878475972222
öffnungszeiten bäckerei,0.2240362744226804
örtliche das telefonbuch,0.19836590251724137
örtliches rückwärtssuche,0.19836590251724137
übergabeprotokoll muster kostenlos,0.33314478799999997
übersicht sternzeichen,0.18051325449275363
