Category,Keyword,categ_kw_cosinesim
Apparel,clock dials faces,0.7666088918444874
Apparel,dessous erotik,0.7759668637403248
Apparel,fashion for senior ladies,0.8185817679842622
Apparel,größentabelle inch cm,0.7367363204338823
Apparel,how do i measure for bra size,0.7203055365429569
Apparel,ladies dresses petite,0.7958778671876867
Apparel,measure hat size chart,0.735382441782775
Apparel,monsoon dresses for women,0.790701948843673
Apparel,month birthstone colors,0.7237397348472414
Apparel,months and their birthstones,0.7289169614152361
Apparel,norma prospekte aktuelle angebote,0.7365993933146218
Apparel,older woman dresses,0.8278391483147243
Apparel,panera full menu,0.7389133341364615
Apparel,schuhgröse,0.7648784154915659
Apparel,seamless underwear sets,0.7983785077691593
Apparel,silberschmuck reinigen mit alufolie,0.7239419285857429
Apparel,smart dresses for wedding,0.8058826194404127
Apparel,sosandar women's clothing,0.8067854444132624
Apparel,symbole wäschezeichen,0.7582520430912759
Apparel,tchibo de online shop,0.7633976494761072
Apparel,transparent bikini swimwear,0.7765226573242155
Apparel,waltham serial numbers,0.6451396481080812
Apparel,wedding ladies trouser suit,0.8061595894672393
Apparel,wedding outfits mother groom,0.8152417026225866
Apparel,zoggs childrens swimwear,0.764468106415349
Arts and Entertainment,+SAT1 +de +live,
Arts and Entertainment,+catholic +mass +live +online +streaming,0.7770380437043847
Arts and Entertainment,+goodguys +show,0.7736341262938773
Arts and Entertainment,+peliculas +cristianas +en +español,0.7746974658437676
Arts and Entertainment,+rtl +streamen +live,0.761542036473622
Arts and Entertainment,accordions,0.7799298585161626
Arts and Entertainment,ard medietek,0.7907868978439312
Arts and Entertainment,arte tv sendung,0.776073771550142
Arts and Entertainment,bbc new live today,0.7467989610837494
Arts and Entertainment,best coconut pie ever,0.7249498830051024
Arts and Entertainment,best deviled eggs ever,0.7177532309724589
Arts and Entertainment,best movie downloading sites,0.7532934690598371
Arts and Entertainment,best way to stop a nose bleed,0.691538133196389
Arts and Entertainment,chosen season 2 episode 1,0.7319759036425773
Arts and Entertainment,cocomelon kids songs,0.7214249381210761
Arts and Entertainment,conferencia mañanera en vivo,0.7325593612442398
Arts and Entertainment,dahoam is dahoam sendung verpaßt,0.7276255813860902
Arts and Entertainment,dance mom episodes full,0.7312177527307981
Arts and Entertainment,downloadmusic,0.7826601475916156
Arts and Entertainment,downlode music for free,0.7708880392181597
Arts and Entertainment,five two love scott family quintuplets,0.7501658328477668
Arts and Entertainment,flash mob dancing,0.7705441558019501
Arts and Entertainment,free downloades music,0.7865396812136386
Arts and Entertainment,free downlodable music,0.7879529575768349
Arts and Entertainment,free lyrics to print out,0.748944596553895
Arts and Entertainment,free lyrics to songs to print,0.74967726957543
Arts and Entertainment,free movie website,0.7650479187260405
Arts and Entertainment,free printable piano music,0.7681892191572437
Arts and Entertainment,free samples and loops,0.7567157835781171
Arts and Entertainment,free sound effects downloads,0.7732124808831115
Arts and Entertainment,freemovies to watch,0.784904664866359
Arts and Entertainment,full bollywood movies,0.7685055164842315
Arts and Entertainment,full english latest movies,0.7605593001678396
Arts and Entertainment,gestern in der ard,0.7476504603160901
Arts and Entertainment,good morning america recipes today,0.7255077543762171
Arts and Entertainment,gottingen flohmarkt,0.7410481421097207
Arts and Entertainment,how do i download movies,0.7429363825925228
Arts and Entertainment,iptv m3u channels,0.7439969639925892
Arts and Entertainment,konzerte elbphilharmonie,0.7791104394358038
Arts and Entertainment,latest tamil movies,0.7429836434250688
Arts and Entertainment,live football live streaming,0.7503262304659313
Arts and Entertainment,live football stream app,0.7349936120520152
Arts and Entertainment,live football tv stream,0.7419129827962556
Arts and Entertainment,lustige sprüche zum 70,0.7274335396779037
Arts and Entertainment,mafs australia full episodes,0.67307958765898
Arts and Entertainment,new movies bollywood,0.7791288852665338
Arts and Entertainment,new release movies to watch,0.7891621105966646
Arts and Entertainment,nextdoor neighbourhood,0.7731349574978502
Arts and Entertainment,prayer of st francis words,0.6994800340145861
Arts and Entertainment,print lyrics for free,0.7476179967588666
Arts and Entertainment,printable scavenger hunt list,0.7615883585475144
Arts and Entertainment,pushpa full movie,0.7123768168737314
Arts and Entertainment,radio vision d espoir tv live,0.7503180725994618
Arts and Entertainment,ray boltz thank you,0.7287016656860037
Arts and Entertainment,restore sound on my computer,0.7207438710329338
Arts and Entertainment,rt russia tv live,0.7139805657218319
Arts and Entertainment,rtl fernsehen live anschauen,0.7455507042735567
Arts and Entertainment,rtl jetzt live sehen,0.7240242640590707
Arts and Entertainment,rtl live kostenlos streamen,0.7146401717995413
Arts and Entertainment,rtl live stream kostenlos,0.7009207619770594
Arts and Entertainment,sat 1 verpasste sendungen,0.7448685292736403
Arts and Entertainment,sound volume increase,0.7289848760674034
Arts and Entertainment,tcm full schedule,0.7343261620130843
Arts and Entertainment,technics electric keyboard,0.727421330360629
Arts and Entertainment,tfc kapamilya daily mass,0.7258827399909192
Arts and Entertainment,the best ever pecan pie,0.7451138166883026
Arts and Entertainment,the doctors tv show online,0.7342280550262583
Arts and Entertainment,the sash my father wore,0.7228612760223847
Arts and Entertainment,today's full episode young restless,0.7220621105458453
Arts and Entertainment,today's pioneer woman recipes,0.7130167900823304
Arts and Entertainment,tv8 canlı yayın survivor,0.7464209127932104
Arts and Entertainment,watch film,0.7726046945086463
Arts and Entertainment,wdr fernsehn mediathek,0.7681641703941224
Arts and Entertainment,words to the wedding song,0.7370160057487135
Arts and Entertainment,zum 60 lustige sprüche,0.728275996987972
Beauty and PersonalCare,badegarten eibenstock,0.7657108070931546
Beauty and PersonalCare,best hairstyles for senior women,0.7728889918957497
Beauty and PersonalCare,best way to peel a boiled egg,0.6989118638440877
Beauty and PersonalCare,braun series 9 handbuch,0.7454825566736765
Beauty and PersonalCare,geile junge damen,0.7633915089175067
Beauty and PersonalCare,great clips c,0.7410011859777964
Beauty and PersonalCare,great clips make appointment,0.7735434364337355
Beauty and PersonalCare,hairstyles senior women,0.7667056774405825
Beauty and PersonalCare,how to ripen avocados fast,0.6476275867589808
Beauty and PersonalCare,kings polish,0.7737901579228703
Beauty and PersonalCare,new short hairstyles for older women,0.7748884792934245
Beauty and PersonalCare,orion produkte,0.783396062149704
Beauty and PersonalCare,over 60 hairstyles for women,0.7720518859502272
Beauty and PersonalCare,over 60 womens haircuts,0.7628383271912641
Beauty and PersonalCare,pictures of bobs hairstyles,0.7455636826060634
Beauty and PersonalCare,short hair cut photos,0.7709032489262407
Beauty and PersonalCare,short hair cuts for seniors,0.7529128982228362
Beauty and PersonalCare,short haircuts for very thin hair,0.7394160524030093
Beauty and PersonalCare,short hairstyles curly hair,0.7768982420928813
Beauty and PersonalCare,short hairstyles mature women,0.7690477454571844
Beauty and PersonalCare,women short hair cut style,0.7771202674343862
Beauty and PersonalCare,zora klipp,0.7674600359691225
Beauty and PersonalCare,öffnungs zeiten,0.7420689517436072
Business and Industrial,+abfallkalender +gera,0.7368630852742861
Business and Industrial,aktuelle düngerpreise preis,0.7071345935506352
Business and Industrial,aktueller preis für pellets,0.6790290089626959
Business and Industrial,any desk download,0.7353278425976973
Business and Industrial,apple schedule an appointment,0.7294231846045695
Business and Industrial,audio to text converter,0.7047495310405828
Business and Industrial,aufsitzmaeher kaufen,0.7066434875221933
Business and Industrial,beautiful small garden ideas,0.7195103421919412
Business and Industrial,bsr berlin gelber sack abholung,0.7263090744448785
Business and Industrial,business proposal templates,0.8029634250886184
Business and Industrial,cheapest petrol near me,0.6777745099976477
Business and Industrial,container location tracking,0.727899073833885
Business and Industrial,cookworks food slicer parts,0.6292360215086938
Business and Industrial,cord of wood delivered near me,0.713763404669814
Business and Industrial,create a free logo,0.7170714325655337
Business and Industrial,create a logo design,0.7373704406736209
Business and Industrial,engine oil for your car,0.7606237872622253
Business and Industrial,example strategic plan,0.7574667081845472
Business and Industrial,free custom logo maker,0.7321922560148552
Business and Industrial,free cv templetes,0.7383608184757462
Business and Industrial,gas station non ethanol near me,0.7021484241906017
Business and Industrial,heizöl tagespreis hoyer,0.7113253657288369
Business and Industrial,hermes parcel service near me,0.6930273001585169
Business and Industrial,how to find wps pin for hp printer,0.6612055821810707
Business and Industrial,joanne fabric online,0.7341044237892483
Business and Industrial,klarna kundenservice kontakt email,0.7108613698590249
Business and Industrial,lee valley online catalog,0.7036941114073055
Business and Industrial,lpg filling stations near me,0.6916302935275855
Business and Industrial,marketing plan samples,0.7387109621164581
Business and Industrial,matrix kappsäge ersatzteile,0.7147719603856593
Business and Industrial,military id renew,0.738526274971208
Business and Industrial,oleander zurückschneiden,0.6959409138924322
Business and Industrial,petrol prices nearby,0.7137388010595097
Business and Industrial,propane gas bottles near me,0.7233510236882513
Business and Industrial,quest lab supply order form,0.7085697891363423
Business and Industrial,quik shade instant canopy parts,0.6666197813495316
Business and Industrial,resume template for free,0.7208420453857712
Business and Industrial,resume templates for free,0.7183829739790244
Business and Industrial,schrottpreise tagespreis,0.7048436445737343
Business and Industrial,scotts spreader parts,0.6545447038864465
Business and Industrial,skip hire cheapest,0.6796521927760795
Business and Industrial,small skip hire cost,0.6712524522692855
Business and Industrial,styrofoam recycling centers near me,0.6867168683486619
Business and Industrial,taxi ride cost calculator,0.6607734306425327
Business and Industrial,today show recipes today,0.7161258897604524
Business and Industrial,uk gold price live,0.6347585112767294
Business and Industrial,value first day covers,0.7026703625488221
Business and Industrial,vermont country store online catalog,0.7435878382165008
Business and Industrial,where to sell deer hides,0.6743305516968768
Business and Industrial,who has diesel fuel near me,0.6623203849025022
Computers,antenna signal map,0.7396201345325429
Computers,cordless drill repair,0.7098564477838637
Computers,doll hospital repair,0.7399391116394947
Computers,edeka katalog zum blättern,0.7478277533054994
Computers,free scanner frequencies by zip code,0.7196321449686053
Computers,how to setup printer on chromebook,0.7360914014165241
Computers,john lewis clearance sale,0.7302377758035934
Computers,reel to reel for sale for sale,0.7520897675448268
Computers,rt deu,0.7394918195064466
Computers and ConsumerElectronics,adobe photoshop free,0.7481724064742844
Computers and ConsumerElectronics,adobe photoshop software,0.7669046338478667
Computers and ConsumerElectronics,adobe photoshop softwear,0.762111732489892
Computers and ConsumerElectronics,antivirus for my pc,0.7695205720309201
Computers and ConsumerElectronics,anydesk free version,0.7218856090075257
Computers and ConsumerElectronics,beginner excel training,0.7483104073330444
Computers and ConsumerElectronics,bluetooth install,0.7438091778104577
Computers and ConsumerElectronics,download ipvanish vpn,0.7160529459038062
Computers and ConsumerElectronics,download photoshop ps,0.7304549086083476
Computers and ConsumerElectronics,free clipart for easter,0.7363782537620442
Computers and ConsumerElectronics,free data recovery soft,0.7355895016387842
Computers and ConsumerElectronics,free mp4 to mp3 convertor,0.7255098400263351
Computers and ConsumerElectronics,free powerpoint template,0.7463175079833532
Computers and ConsumerElectronics,free typing master software,0.7139123329408394
Computers and ConsumerElectronics,free vpn for laptop,0.7402387142809825
Computers and ConsumerElectronics,free vpn in chrome,0.7036519923667268
Computers and ConsumerElectronics,gratis prnofilme,0.7580757513510766
Computers and ConsumerElectronics,how to convert file to mp4 free,0.7002391840202381
Computers and ConsumerElectronics,jpg file size reducer,0.6994721120178827
Computers and ConsumerElectronics,kostenlose osterbilder,0.725096604153141
Computers and ConsumerElectronics,metz fernseher testsieger,0.7602648932398582
Computers and ConsumerElectronics,microsoft excel download,0.7501398778527965
Computers and ConsumerElectronics,microsoft office free install,0.7429827207519935
Computers and ConsumerElectronics,microsoft word free,0.7495217340633047
Computers and ConsumerElectronics,need for speed for laptop,0.762862957025531
Computers and ConsumerElectronics,ocr convert image to text,0.7049800818253272
Computers and ConsumerElectronics,online phone tracking,0.736213830008498
Computers and ConsumerElectronics,photoshop download for pc,0.7583429687528681
Computers and ConsumerElectronics,photoshop software,0.766430290099664
Computers and ConsumerElectronics,powerpoint download,0.7542667632043553
Computers and ConsumerElectronics,powerpoint template free,0.7401696023572379
Computers and ConsumerElectronics,premier sports free trial,0.7000364471268706
Computers and ConsumerElectronics,scanner for documents,0.7745018214077206
Computers and ConsumerElectronics,sennheiser manuals,0.7275667781818808
Computers and ConsumerElectronics,visit tubi tv activate enter code,0.7303591737380309
Dining and Nightlife,99 restaurant menu take out,0.7793109092851488
Dining and Nightlife,applebees price menu,0.7516921517565466
Dining and Nightlife,arbys near me menu,0.744870702461624
Dining and Nightlife,bob evans menu order online,0.7139470905644828
Dining and Nightlife,bonefish menu with prices dinner,0.8043566700311295
Dining and Nightlife,burger kings specials,0.7544540687884481
Dining and Nightlife,captain d's prices,0.7260888669721699
Dining and Nightlife,carrabba's dinner menu,0.7907354321781178
Dining and Nightlife,carrabba's restaurant menu prices,0.7187477207735414
Dining and Nightlife,chick fil a meal prices,0.7129179669706674
Dining and Nightlife,chili s take out menu,0.7664781047394209
Dining and Nightlife,chipotle to go menu,0.759288269151802
Dining and Nightlife,cracker barrel menu online order,0.7105150774497883
Dining and Nightlife,creamy carbonara recipe,0.6859153248706856
Dining and Nightlife,culver's food menu,0.7588631004424139
Dining and Nightlife,denny's menu prices,0.7521971297361295
Dining and Nightlife,farmers boys menu,0.7584839513533596
Dining and Nightlife,firehouse subs full menu,0.7533915470405508
Dining and Nightlife,jack box fast food menu,0.7451329716255239
Dining and Nightlife,kings burger menu,0.7494319426357751
Dining and Nightlife,little caesars pizza menu online,0.7242222552207962
Dining and Nightlife,marco's pizza menu,0.7572250409973376
Dining and Nightlife,mcdonald's menu prices,0.7471779003885303
Dining and Nightlife,menu for captain d's,0.7911125389871013
Dining and Nightlife,menu for chop house,0.8031085741775449
Dining and Nightlife,menu tgi fridays restaurant,0.7968487539219037
Dining and Nightlife,nearest long john silvers to me,0.7255746507225016
Dining and Nightlife,olive garden menu online order,0.7277954618838806
Dining and Nightlife,panda express takeout menu,0.7498179254765445
Dining and Nightlife,recipe for cold broccoli salad,0.6682218984471268
Dining and Nightlife,sonnenblumenöl kaufen,0.7073431559554793
Dining and Nightlife,subway order menu,0.7700588497709777
Dining and Nightlife,wendy's menu with prices,0.7420250133296477
Dining and Nightlife,wendy's take out menu,0.7622426651998752
Dining and Nightlife,whats open easter sunday,0.7273869613539908
Dining and Nightlife,öffnungszeiten bäckerei,0.7185623057196923
Family and Community,40 best easter bible verses,0.7318603929552844
Family and Community,50 plus hairstyles for women,0.7346668137844645
Family and Community,7 +sayings +of +the +cross,
Family and Community,7 last sayings of christ,0.7394343219646102
Family and Community,700 club prayer request online,0.7324407264854964
Family and Community,a prayer before dinner,0.7647539840007348
Family and Community,ark encounter williamstown kentucky,0.6874613262419781
Family and Community,baby text geburt,0.7396847665997424
Family and Community,billy graham museum library,0.7546112495047956
Family and Community,catholic church services near me,0.7479807251005943
Family and Community,catholic confession act of contrition,0.7271885111792704
Family and Community,church resolution for a funeral,0.76807278990151
Family and Community,daily effective prayer healing,0.7256647467009544
Family and Community,date of birth astrology,0.6958016721614894
Family and Community,dehydration in senior citizens,0.7359716024080155
Family and Community,donate used eyeglasses,0.7380233853733719
Family and Community,dr charles stanley,0.7358430628032324
Family and Community,dr david jeremiah sermon today,0.7416649382408322
Family and Community,dr tony evans message today,0.735321108757671
Family and Community,easter blessing prayers,0.7398712059357357
Family and Community,easter prayers and blessings,0.7575805266967793
Family and Community,geile frauen,0.7349513808081268
Family and Community,good friday church service,0.7736722610920058
Family and Community,good friday holy mass,0.7447261279475199
Family and Community,good friday services,0.7645034729954145
Family and Community,gottesdienst zu karfreitag,0.7267765938603938
Family and Community,holy mass easter sunday,0.7387264180708617
Family and Community,how to say the divine mercy novena,0.649762212829691
Family and Community,jews by country,0.7623149558303352
Family and Community,meaning of the 7 last words of jesus,0.7057706213236051
Family and Community,meet singles for free,0.7495341714044146
Family and Community,name of the 12 disciples,0.7175022861151784
Family and Community,passion of the christ for free,0.7346822663287795
Family and Community,pcr test in meiner nähe,0.7259496694340567
Family and Community,pulse for seniors,0.7660291065419891
Family and Community,short printable haggadah,0.7193065950219607
Family and Community,site rencontre sérieux,0.7327595064308877
Family and Community,st patrick live mass,0.7074143131559576
Family and Community,taufe taufe,0.755129728947974
Family and Community,today's date date,0.7388265378478857
Family and Community,tolle nackte frauen,0.7186564963583725
Family and Community,top 10 cam sites,0.6780066151552854
Family and Community,velodyne subwoofer parts,0.6625354071079809
Family and Community,was ist eine bipolare störung,0.6853145009129283
Family and Community,was ist podcast,0.656142011051403
Family and Community,what does passover mean,0.7198227448250568
Family and Community,wünsche für neugeborene,0.7320160397005739
Family and Community,zusammen masturbieren,0.7259410707301076
Family and Community,ältere hunde für senioren,0.7222333097741529
Family and Community,übersicht sternzeichen,0.7295953485153894
Finance,+audibene +hörgerät +kosten,0.7503164944498782
Finance,activate netspend all access card,0.7138317120922067
Finance,activate netspend card,0.7289026125202933
Finance,aktueller ölpreis heute,0.7278564937652328
Finance,anpassungsbetrag rente,0.7490077483537347
Finance,berliner testament vorlage kostenlos,0.7334440410176549
Finance,calculate bond value,0.741625664677703
Finance,cash immediately loan,0.7778747592637191
Finance,cirrus bank atm locations,0.6407477906896938
Finance,currency exchange rate today,0.7550455970870005
Finance,federal form i 9 printable,0.6905957227924541
Finance,financial statement format,0.812689087319359
Finance,fixed deposite interest rates,0.7738486462353026
Finance,foreign exchange rates today,0.7759562534049373
Finance,foreign money exchange rates,0.7838949573302543
Finance,free invoice format,0.7763834092535375
Finance,latest crude oil price,0.7192081879854861
Finance,mr cooper mortgage payments,0.7357201856957531
Finance,mt4 windows download,0.7059537257445128
Finance,my fortiva com my account,0.7764242300663526
Finance,netspend activate card,0.7291285964951042
Finance,non profit grant funding,0.8016444009851195
Finance,scholarships in usa,0.7804518108831937
Finance,sheetz reward card registration,0.7072765204578366
Finance,w 9 blank form irs,0.7337103173282947
Finance,w 9 form to print out,0.7362594278483843
Finance,w9 form printable,0.7249847047658856
Finance,what are star notes worth,0.6612034376060869
Finance,what is my ee bond worth today,0.7030824566098758
Food and Groceries,+how +to +cook +precooked +ham,0.7486986216974322
Food and Groceries,+sonnenblumenöle,0.7495555494717893
Food and Groceries,aktuelles prospekt von edeka,0.7774481430122803
Food and Groceries,banana bread moist recipe easy,0.7265542927854914
Food and Groceries,best jewish noodle kugel recipe,0.7061611907348035
Food and Groceries,black decker manuals,0.6531596928269671
Food and Groceries,cooking boneless lamb,0.7326439118496005
Food and Groceries,cooking leg lamb time,0.7228005009140885
Food and Groceries,determinate tomato plant,0.7301398126158579
Food and Groceries,easy brown sugar mustard glaze,0.7262043477581157
Food and Groceries,edeka blätterprospekt,0.7644312545357222
Food and Groceries,fresh ham recipe slow cooker,0.7015037165888963
Food and Groceries,fully cooked ham recipes oven,0.706932723752126
Food and Groceries,gewinncode,0.7384873293738479
Food and Groceries,ham honey brown sugar glaze,0.7499657634416208
Food and Groceries,how to clean burnt stainless pot,0.6517693345031536
Food and Groceries,jello easter egg,0.7602854551494624
Food and Groceries,jewish recipe for brisket,0.7224168445824364
Food and Groceries,kochzeit frischer spargel,0.7601645139607931
Food and Groceries,krombacher gewinnspiel,0.7318982291333613
Food and Groceries,laundry symbol chart,0.7265074125781864
Food and Groceries,list of food that is gluten free,0.8015552761576417
Food and Groceries,netto prospekt aktuell zum blättern,0.7562645168127733
Food and Groceries,netto prospekt blättern,0.7591500492449907
Food and Groceries,netto prospekt zum blättern,0.757995560416847
Food and Groceries,olive gardens toscana soup recipe,0.6963643393368714
Food and Groceries,online bestellung rewe,0.758343864157534
Food and Groceries,penny prospekt zum blättern,0.7333905363368474
Food and Groceries,recipe for brown sugar carrots,0.7054291108288635
Food and Groceries,recipe for pistachio salad,0.7092950651029355
Food and Groceries,rewe angebote prospekt woche,0.7565169613260172
Food and Groceries,rewe sonderangebote prospekt,0.7580324817244101
Food and Groceries,tesco leg of lamb half price,0.7426212610909073
Food and Groceries,traditional jewish food for passover,0.7796812848261134
Food and Groceries,what can t diabetics eat list,0.7567092345242263
Food and Groceries,zutaten raclette rezepte,0.7174475308004045
Food and Groceries,zwei brüder venlo kaffee,0.7636693310779543
Health,+accurx,0.7567332303390102
Health,24h zahnarzt notdienst,0.7697857036044098
Health,abkürzungen blutwerte,0.7444276876081023
Health,best diet to lower cholestrol,0.7477971905289712
Health,blood oxygen level by age,0.7577972757390021
Health,blutzuckergerät ohne stechen,0.7383771243991983
Health,bmi calculators and charts,0.7658686154999802
Health,boots pcr testing,0.7196957660159593
Health,drinking baking soda water everyday,0.7570484808900971
Health,foods not to eat with ibs,0.7129414343340856
Health,foods to avoid for diverticulosis,0.7151408946992845
Health,good vegetables to feed dogs,0.7312169696836538
Health,gout diet foods to avoid,0.7122274671539987
Health,gürtelrosen bilder,0.7374353531300007
Health,hepatica plant,0.7733505352872879
Health,highest magnesium foods list,0.7155239052416906
Health,how to measure for a walking stick,0.6992255287455724
Health,how to use miralax powder,0.6559988792908903
Health,idealer blutdruck ab 60,0.7531264770920609
Health,ischias schmerzen symptome,0.7394070367733321
Health,lion club glasses donation,0.7272901740649586
Health,local mobility scooters,0.7688669352039695
Health,nhs dental practice nearby,0.7653237805911337
Health,normal range for body temperature,0.7585787297755524
Health,notdienst zahnarzt heute geöffnet,0.7442528207507692
Health,oxygen levels chart by age,0.7557883269845664
Health,potassium foods highest to lowest,0.7360255891108967
Health,prevagen negative side effects,0.7026433705649587
Health,quick cures for constipation,0.7494421931988746
Health,reasons for dry mouth at night,0.7329799228755944
Health,refurbished mobility scooters,0.7701466593483403
Health,same day pcr testing near me,0.7115293956623606
Health,stool color pictures,0.7542493412826214
Health,tia stroke explained,0.7157069762309731
Health,types of epilepsy seizure,0.7160211031002353
Health,understanding down syndrome,0.7427308790876451
Health,walk in health clinic near me,0.8011724924918754
Health,was darf man essen bei gicht,0.6812231099079096
Health,what foods can i eat with acid reflux,0.7273702723585531
Health,zuckertest werte tabelle,0.7353817597590802
Hobbies and Leisure,+capirotada +de +leche +sin +horno,0.7167938024700676
Hobbies and Leisure,+car +boot +sales +this +sunday,0.742529114850076
Hobbies and Leisure,+free +uk +census +1911,0.7372266286555089
Hobbies and Leisure,+greek +salad +recipe +authentic,0.7317015520522557
Hobbies and Leisure,+how +to +bake +asparagus +in +oven,0.7038774389928649
Hobbies and Leisure,+roasting +time +leg +of +lamb,0.7310146431827907
Hobbies and Leisure,+what +are +the +rarest +2 +pound +coins,0.7000368210814919
Hobbies and Leisure,1 dollar silver certificate,0.7206815933326663
Hobbies and Leisure,alte telefonkarten wert,0.7067648750243316
Hobbies and Leisure,ancestry for free,0.7339701713603033
Hobbies and Leisure,anydesk pc download,0.7008394278175394
Hobbies and Leisure,average cost of dog walker,0.6718753151500741
Hobbies and Leisure,baking pecans in oven,0.6833599138534929
Hobbies and Leisure,best deviled eggs recipe ever,0.7002238057254607
Hobbies and Leisure,best dog for senior citizen,0.7070621626389019
Hobbies and Leisure,call of duty pc game download,0.7150797796528241
Hobbies and Leisure,car boot sale sunday,0.7198867834799475
Hobbies and Leisure,car boot sales this sunday,0.7302241350936682
Hobbies and Leisure,care of peace lily indoor plant,0.6666818329610533
Hobbies and Leisure,classic solitaire with cards,0.7708927021735332
Hobbies and Leisure,cocker spaniels for rehoming,0.7110007590822607
Hobbies and Leisure,computer games for kids,0.8004273409572248
Hobbies and Leisure,coopers shop online,0.7425943626692801
Hobbies and Leisure,crochet patterns for afghans free,0.7384417389981783
Hobbies and Leisure,crochet patterns to print out,0.7494353036447962
Hobbies and Leisure,easter dinner cracker barrel,0.7285172657768171
Hobbies and Leisure,easy way to hard boil eggs,0.7052437643090602
Hobbies and Leisure,electric typewriter repair,0.7152248125017364
Hobbies and Leisure,f1b cockapoo puppies,0.7127796572658798
Hobbies and Leisure,flowering shrubs for shade,0.7445675855554308
Hobbies and Leisure,flowering shrubs for shady areas,0.7420757422546975
Hobbies and Leisure,free 1921 census search,0.6839953426830211
Hobbies and Leisure,free afghan crochet patterns easy,0.7378802079370995
Hobbies and Leisure,free easter egg hunt clues,0.7446818360169084
Hobbies and Leisure,free easter scavenger hunt riddles,0.7376604341229096
Hobbies and Leisure,free puppies to good homes,0.7357325015464223
Hobbies and Leisure,full shade ground cover plants,0.7349235727290007
Hobbies and Leisure,games of pc,0.7786954094049712
Hobbies and Leisure,garden nurseries near me,0.74439424294879
Hobbies and Leisure,gardening zone map by zip code,0.7236877697696661
Hobbies and Leisure,gewinnspiel krombacher,0.7406813233362615
Hobbies and Leisure,guest wedding outfits for ladies,0.7399311943745233
Hobbies and Leisure,herrschners yarns,0.774683096759883
Hobbies and Leisure,hochbeete richtig befüllen,0.7164582541239163
Hobbies and Leisure,how long to cook 11lb ham,0.6734565425641033
Hobbies and Leisure,how to make cat stop biting,0.6695115725886371
Hobbies and Leisure,how to make printer offline to online,0.667423992514635
Hobbies and Leisure,how to make simple dog treats,0.6832476428477348
Hobbies and Leisure,hummel figurines value old,0.7445453885858335
Hobbies and Leisure,hummingbird food sugar water,0.7180687965748789
Hobbies and Leisure,joann fabric and crafts store,0.7700045829202046
Hobbies and Leisure,joanns fabric and craft store,0.7675801616097204
Hobbies and Leisure,ladies two piece wedding outfits,0.739016456229577
Hobbies and Leisure,list of deer resistant shrubs,0.6919266746625314
Hobbies and Leisure,lunch menu for cracker barrel,0.7009250632908903
Hobbies and Leisure,lurcher rescue,0.7362908660968182
Hobbies and Leisure,manual for brother sewing machine,0.7008604591210075
Hobbies and Leisure,meine deutschlandcard punktestand,0.7254441451207787
Hobbies and Leisure,menu for cracker barrel dinner,0.7130096096293022
Hobbies and Leisure,mobile cat grooming near me,0.7253926662298711
Hobbies and Leisure,naturist photography,0.7924715944146871
Hobbies and Leisure,need for speed download,0.7233856307043982
Hobbies and Leisure,original 7 layer salad recipe,0.6683550419561243
Hobbies and Leisure,original spider solitaire free,0.7316723053162552
Hobbies and Leisure,parakeets on sale,0.7405473416074921
Hobbies and Leisure,pc games computer games,0.7880682440567662
Hobbies and Leisure,pioneer woman's recipes,0.7393700903576781
Hobbies and Leisure,play call of duty,0.7368842906440208
Hobbies and Leisure,play farm ville 2,0.7616877845908141
Hobbies and Leisure,printable easter egg hunt clues,0.7473712327340799
Hobbies and Leisure,publishers clearin house,0.7450748852215725
Hobbies and Leisure,publishers clering house,0.7455371135993124
Hobbies and Leisure,quick deviled egg recipe,0.7012275119316836
Hobbies and Leisure,rabbit purchase,0.7614817029422669
Hobbies and Leisure,ragdoll ragdoll,0.7462770713195743
Hobbies and Leisure,roasting time leg of lamb,0.7010671971934976
Hobbies and Leisure,saturday car boots,0.7251666395698279
Hobbies and Leisure,scavenger hunt for kids game,0.7700582564812115
Hobbies and Leisure,sernik przepis łatwy,0.7250308550070355
Hobbies and Leisure,shrubs for shaded areas,0.7528016860579922
Hobbies and Leisure,shrubs that do well in shade,0.7228475314763125
Hobbies and Leisure,small dog rescue in my area,0.7257134787523675
Hobbies and Leisure,suche älteren hund hunde,0.7198763601965523
Hobbies and Leisure,sudoku kostenlos,0.7317982170445171
Hobbies and Leisure,teig rezept für waffeln,0.7033192246982639
Hobbies and Leisure,tierarzt notdienst in der nähe,0.7146242910303786
Hobbies and Leisure,traditional deviled eggs recipe,0.6956566567601669
Hobbies and Leisure,triplex airbrush,0.7280041574731567
Hobbies and Leisure,usda growing zone by zip code,0.6930252780915871
Hobbies and Leisure,was ist eine bipolare erkrankung,0.6783805952906692
Hobbies and Leisure,wedding outfits ladies,0.7382213564374364
Hobbies and Leisure,western stoneware crock,0.7353099830102445
Hobbies and Leisure,what is my 50p worth,0.6420410036588281
Hobbies and Leisure,where can i sell my hummels,0.6812462753101843
Home and Garden,+ostermotive +für +kerzen,0.7636418234105781
Home and Garden,air fryer owners manual,0.7095303773887238
Home and Garden,aufsitzmäher vorführgeräte,0.7629301838273685
Home and Garden,bissell registration online,0.717059378078489
Home and Garden,broyhill furniture official website,0.7591398162677169
Home and Garden,bügeleisensohle reinigen,0.7296430811042867
Home and Garden,cuisinart registration online,0.7200719908809284
Home and Garden,discontinued corelle dinnerware sets,0.7396085364478645
Home and Garden,easy peel hard boiled egg secrets,0.7093315400188797
Home and Garden,hotpoint tall freezers frost free,0.7381011046617723
Home and Garden,how do i cook asparagus,0.7179947164081611
Home and Garden,how to fix smoke detector chirping,0.6854673018822428
Home and Garden,kubota serial number year,0.6785890098926121
Home and Garden,manual for ge self cleaning oven,0.7143111833075557
Home and Garden,oven cleaning baking soda,0.7315361048349378
Home and Garden,recipes of air fryer,0.7128274368916696
Home and Garden,self propelled cordless mower,0.7709918118904487
Home and Garden,siemens fehler,0.7081718355412084
Home and Garden,top 10 built in double ovens,0.7282740687472898
Home and Garden,what is the right temp for a fridge,0.7260677319363746
Home and Garden,which best cordless lawnmower,0.7367059885420789
Internet and Telecom,+find +someone +electoral +roll +free,0.7444157099993651
Internet and Telecom,+tracfone +my +balance,0.7477938986577003
Internet and Telecom,broadband free speed test,0.7985741206907997
Internet and Telecom,browser download for pc,0.7526158229100517
Internet and Telecom,cell phone location track,0.7471535584350915
Internet and Telecom,create your online signature,0.7730626761161259
Internet and Telecom,female prisoners penpals,0.7351995248618594
Internet and Telecom,find my phone by imei number,0.7531628310888272
Internet and Telecom,free census search by name,0.7088228803848928
Internet and Telecom,how do i find out my apple id,0.6983295721973505
Internet and Telecom,how to create a cheese platter,0.6704388673284742
Internet and Telecom,how to unlock sct tuner for free,0.6671162867659608
Internet and Telecom,html code for website,0.7838032803532047
Internet and Telecom,imei phone tracker,0.7655452443733957
Internet and Telecom,kabel 1 live,0.7623152162262034
Internet and Telecom,liebe worte für eine trauerkarte,0.7107395072960033
Internet and Telecom,locate my phone by imei,0.7565309521393285
Internet and Telecom,make e signature free,0.7357359864763463
Internet and Telecom,michigan county map with cities,0.6872988760138772
Internet and Telecom,moto g user manual,0.7261871364985043
Internet and Telecom,phone numbers directory,0.7699212377005323
Internet and Telecom,recover lost email account,0.7386590579872209
Internet and Telecom,recycle eyeglasses near me,0.6906042477376695
Internet and Telecom,rtl live kostenlos,0.7165355685768369
Internet and Telecom,schöne persönliche trauersprüche,0.7122171076355858
Internet and Telecom,telefonnummern rückwärtssuche,0.7594969407847708
Internet and Telecom,texte für eine geburtstagskarte,0.711969815071368
Internet and Telecom,tracfone my account balance,0.691578124974076
Internet and Telecom,tracing mobile phone location,0.7522859180515482
Internet and Telecom,track my phone with imei,0.7668921179595197
Internet and Telecom,track my stolen phone free,0.7325778806574423
Internet and Telecom,track phone with number free,0.7366104126184768
Internet and Telecom,uniden 6.0 user manual,0.6639668051249944
Internet and Telecom,vtech cordless phones manual,0.7028216455124066
Internet and Telecom,xfinity for comcast,0.7842317196680937
Internet and Telecom,örtliche das telefonbuch,0.7835560610939102
Internet and Telecom,örtliches rückwärtssuche,0.7348805970518697
Jobs and Education,418 beispiele rede,0.74252977480385
Jobs and Education,apa formatting citation,0.6606599108666595
Jobs and Education,asolo theatre sarasota fl,0.6846151910992332
Jobs and Education,beginner typing course free,0.7422385367316997
Jobs and Education,begrüßungsrede beispiel,0.7347696578021997
Jobs and Education,begrüßungsrede geburtstagsgäste,0.7095425476521029
Jobs and Education,beileidskarte richtig schreiben,0.7064333043743095
Jobs and Education,best paraphrasing,0.7382779377497077
Jobs and Education,check plagiarism free,0.7221911643270689
Jobs and Education,comment apprendre l anglais,0.7060579497059511
Jobs and Education,coursera courses online,0.7773709215952974
Jobs and Education,cover letters examples jobs,0.776957104714735
Jobs and Education,create a good cv,0.7856061891096253
Jobs and Education,cv format download,0.7105508762674397
Jobs and Education,easy peal boiled eggs,0.7047782394645421
Jobs and Education,example of an sop,0.7424234194600171
Jobs and Education,examples of a short bio,0.7548964652328265
Jobs and Education,formatos para cv gratis,0.7297814893923843
Jobs and Education,free comprehension test,0.7275271309117654
Jobs and Education,free cv maker,0.7466777868322771
Jobs and Education,free cv resume template,0.7771370682965141
Jobs and Education,free cv template,0.7576846430457982
Jobs and Education,free cv template word,0.7501228113270468
Jobs and Education,free english level test,0.7512505971383007
Jobs and Education,free preschool alphabet printables,0.7450011281216778
Jobs and Education,free printable easter sheets,0.7117321030406077
Jobs and Education,free proposal templates,0.7319852915504961
Jobs and Education,free scavenger hunts,0.7338263479334155
Jobs and Education,free spelling grammar check,0.739418337143482
Jobs and Education,free templates for cv,0.766917538253795
Jobs and Education,fully funded scholarship,0.7743834243391133
Jobs and Education,geburtstagswünsche brief,0.714736152149455
Jobs and Education,goldene hochzeit rede,0.7140469970665844
Jobs and Education,heilige familie,0.7274336409398872
Jobs and Education,hochzeitsrede brautvater,0.6961768716570216
Jobs and Education,ielts english test practice,0.7539102171874961
Jobs and Education,ielts preparation test,0.7451968886538752
Jobs and Education,ielts reading academic,0.7553249284310888
Jobs and Education,kids coloring pages free printable,0.7433938732406195
Jobs and Education,listening ielts test,0.7368927973607338
Jobs and Education,nearest twic card office,0.6964476124232793
Jobs and Education,open mic night near me,0.7052994132928542
Jobs and Education,printable activities for kids,0.7657175429865473
Jobs and Education,professional cv examples,0.7694568155944883
Jobs and Education,psychometric test online,0.7441529088552715
Jobs and Education,quillbot paraphrasing tool,0.7280350656644063
Jobs and Education,reading samples for oet,0.7288879765138462
Jobs and Education,red hat women's club,0.7362805691065829
Jobs and Education,reden für goldene hochzeit,0.7210308622256622
Jobs and Education,research proposal,0.7588884264140372
Jobs and Education,resume templates download,0.7326623951961334
Jobs and Education,sample letter of resignation letters,0.7520398437218677
Jobs and Education,sample proposal templates,0.7254353374192105
Jobs and Education,samples of a project proposal,0.7452972887848829
Jobs and Education,turnitin plagiarism checker,0.7334373522736939
Jobs and Education,turnitin self checker,0.7278408530972863
Jobs and Education,what do i write in a sympathy card,0.706215246381708
Jobs and Education,what is good about good friday,0.6974373244645738
Jobs and Education,write a report sample,0.733401390817071
Jobs and Education,writing an obituary template,0.7249543210319854
Jobs and Education,writing checker online,0.7288656549217649
Law and Government,blank lease agreement,0.7106449606384775
Law and Government,blue disabled badge application,0.7143488220768318
Law and Government,check electoral roll for free,0.7324018369827467
Law and Government,disability placard renewal,0.7203887403548742
Law and Government,drinking the water,0.7549360087071721
Law and Government,handicap parking permit form,0.6939242490863242
Law and Government,how to renew disabled badge,0.6692561635895831
Law and Government,kündigung vorlagen mietvertrag,0.7112556790824823
Law and Government,local recent obituaries,0.7443910240637562
Law and Government,navy graduation live stream,0.694198290437953
Law and Government,number plate value instant,0.6696002227983442
Law and Government,ownership of boundary fences,0.7516589482099493
Law and Government,presidents rated best to worst,0.7471111041166113
Law and Government,print form 1095 a,0.7204387686059737
Law and Government,printable tenancy agreement,0.7486750963549543
Law and Government,sample of thanks letter,0.7191506311241223
Law and Government,samples of meeting minutes,0.7367539085862104
Law and Government,turnitin free checker,0.7197185735952505
Law and Government,ärzte sterbehilfe,0.7262069100139105
Law and Government,übergabeprotokoll muster kostenlos,0.702776478848445
News-Media and Publications,+state +of +ohio +obituaries,0.7604119849344881
News-Media and Publications,1950 census records search,0.7216098619001576
News-Media and Publications,70th birthday quotes,0.7236923226016885
News-Media and Publications,audio book listen online,0.746773986510037
News-Media and Publications,audio books listen free,0.7487965723045977
News-Media and Publications,avaya phone manuals,0.698506223452543
News-Media and Publications,birth certificate online view,0.724785106761541
News-Media and Publications,book to read online,0.7696217174320915
News-Media and Publications,books free downloads,0.7668131387149525
News-Media and Publications,buffalo news buffalo ny,0.7563781617076488
News-Media and Publications,columbus ohio obituaries by name,0.7143147688457236
News-Media and Publications,easter poems and quotes,0.7274097429349665
News-Media and Publications,edward hamilton discount books,0.7063646412001015
News-Media and Publications,english words dictionary,0.7512536011660002
News-Media and Publications,find obituary,0.782601539321559
News-Media and Publications,finding out if someone has died,0.7321118452386068
News-Media and Publications,fotos große brüste,0.7406197538576307
News-Media and Publications,free deceased person search,0.712412492189909
News-Media and Publications,geburtstag sprüche schön,0.698177789448466
News-Media and Publications,geburtstagswünsche für frauen,0.6996407398843313
News-Media and Publications,get copy of 1095 a,0.7170552747021575
News-Media and Publications,hartford courant obituaries ct,0.704089297396306
News-Media and Publications,human body anatomy diagrams,0.7166071658562467
News-Media and Publications,image to text converter,0.7218287549977241
News-Media and Publications,in loving memory poems,0.7175423807860493
News-Media and Publications,in memory sayings and phrases,0.7335114856819992
News-Media and Publications,john crace guardian articles,0.759348401358649
News-Media and Publications,landkarte ukraine,0.7384155043077191
News-Media and Publications,lizenzfreie bilder ostern,0.731935355810817
News-Media and Publications,marina hyde guardian,0.7318899876837769
News-Media and Publications,obituaries deaths,0.7792138802617419
News-Media and Publications,obituaries in minnesota,0.7220758452869914
News-Media and Publications,obituaries indianapolis star,0.7338361486340674
News-Media and Publications,obituaries winston salem nc,0.6854894862075517
News-Media and Publications,obituary in phoenix az,0.7383054837399613
News-Media and Publications,ohio death records online,0.6964016597787034
News-Media and Publications,online ordnance survey map,0.7150148920003547
News-Media and Publications,paraphrasing tool free,0.7345417228304549
News-Media and Publications,poems to read at funerals,0.7339526080957309
News-Media and Publications,postcodes in england,0.6872408606166526
News-Media and Publications,public military records free,0.7406310390054935
News-Media and Publications,quotes for easter,0.7044594307539698
News-Media and Publications,read any book for free,0.7465962970734814
News-Media and Publications,schöne beileidssprüche,0.7221512484625375
News-Media and Publications,schöne sprüche zum 60,0.7098031217288259
News-Media and Publications,schöne sprüche zum 85 geburtstag,0.6962994092364834
News-Media and Publications,schöner spruch zum geburtstag,0.7017148038868584
News-Media and Publications,search obituaries for free,0.7643804029108825
News-Media and Publications,search obituaries online,0.7708032623136115
News-Media and Publications,second hand books for sale,0.7551336151753631
News-Media and Publications,short church easter poems,0.7055384919791095
News-Media and Publications,short condolences quotes,0.7230007666583032
News-Media and Publications,short easter stories for adults,0.7365271625159577
News-Media and Publications,soil temperature map,0.714953504105733
News-Media and Publications,sätze zum danke sagen,0.7065541804363396
News-Media and Publications,the villages sun obituaries,0.7249969806180349
News-Media and Publications,top 10 must read fiction books,0.7400576267970219
News-Media and Publications,top ten book club reads,0.7346215572489541
News-Media and Publications,translate documents free,0.7550269841858038
News-Media and Publications,unze gramm rechner,0.7127490783257038
News-Media and Publications,vacation paper stop,0.7596813708541403
News-Media and Publications,vtech user manual,0.6896907104665764
News-Media and Publications,was ist novaminsulfon,0.608597582420685
News-Media and Publications,wisconsin obituary records,0.7210110351445118
News-Media and Publications,zitate sprüche,0.7352214226046309
News-Media and Publications,zitate sprüche weisheiten,0.7274841274884437
Occasions and Gifts,+e +cards +without +subscription,0.7564852248264969
Occasions and Gifts,+online +passover +seder,0.7823032740074953
Occasions and Gifts,+what +exactly +is +passover,0.7573920226958267
Occasions and Gifts,123greetings birthday cards,0.807033098614855
Occasions and Gifts,70 geburtstags sprüche,0.7651269321911485
Occasions and Gifts,80 geburtstag lustig,0.7558819200814249
Occasions and Gifts,80 geburtstag sprueche,0.7624107722238487
Occasions and Gifts,90 geburtstag sprüche,0.7592656541015091
Occasions and Gifts,90 geburtstag text,0.7626679633038436
Occasions and Gifts,beautiful birthday messages,0.7939261482187726
Occasions and Gifts,beileidskarte schreiben kurz,0.7508845115367951
Occasions and Gifts,besinnliche ostergrüße,0.7680469650869296
Occasions and Gifts,best anniversary messages,0.7953977713221084
Occasions and Gifts,christliche sprüche ostern,0.741819908070298
Occasions and Gifts,congratulations greetings,0.8123698011881068
Occasions and Gifts,cute bridal shower sayings,0.7994349873175906
Occasions and Gifts,diamant hochzeit sprüche,0.7570612657271863
Occasions and Gifts,e free greeting cards,0.8085234068584207
Occasions and Gifts,easter and passover greetings,0.8102061303699625
Occasions and Gifts,easter sayings for cards,0.777320266041474
Occasions and Gifts,easter verses for cards,0.7794843534906846
Occasions and Gifts,easter wishes for grandson,0.7739995540521892
Occasions and Gifts,easy passover haggadah,0.7661785875888745
Occasions and Gifts,free 123 greeting cards,0.7778509528506635
Occasions and Gifts,free e cards no subscription,0.7480344556375524
Occasions and Gifts,free passover haggadah,0.7697798854965588
Occasions and Gifts,frohe ostern wünsche texte,0.752200295456423
Occasions and Gifts,glückwünsche zur geburt junge,0.7588091978508551
Occasions and Gifts,grüße zu ostern kostenlos,0.7566972908390098
Occasions and Gifts,happy marriage day wishes,0.7857040702002608
Occasions and Gifts,happy passover greetings,0.7836815795512405
Occasions and Gifts,jackie lawson easter cards,0.7678589788646256
Occasions and Gifts,jacquie larson ecards,0.7702873452247427
Occasions and Gifts,jacquie lawson gift cards,0.7651206409394875
Occasions and Gifts,jewish greetings for passover,0.7776152439938441
Occasions and Gifts,jewish holiday calander,0.7927691085884131
Occasions and Gifts,kid friendly haggadah,0.7714477734888028
Occasions and Gifts,kommunion sprüche kindgerecht,0.7632515722335315
Occasions and Gifts,kommunion sprüche kurz,0.758999512930726
Occasions and Gifts,kommunion sprüche texte,0.7539853843139309
Occasions and Gifts,kostenlose ostergrüsse,0.7754933898497322
Occasions and Gifts,kurze sprüche zum 70 geburtstag,0.7487395167626886
Occasions and Gifts,lucas funeral home obituaries,0.731120569124776
Occasions and Gifts,lustige ostergrüße kostenlos,0.7535543426862904
Occasions and Gifts,lustiger geburtstagstext,0.758814978491709
Occasions and Gifts,make own logo free,0.7261872831989921
Occasions and Gifts,memorial memorials & funerals,0.8219368554694326
Occasions and Gifts,message for sympathy,0.7781923325533591
Occasions and Gifts,mustertext für trauerkarte,0.7537373558834373
Occasions and Gifts,my wish mother son dance,0.7589464795472617
Occasions and Gifts,nette sprüche zum einzug,0.7572989037917132
Occasions and Gifts,notes for sympathy card,0.7727742181315125
Occasions and Gifts,originelle verse zum 80,0.7371196598754324
Occasions and Gifts,poems of grief and loss,0.8033083392623007
Occasions and Gifts,printable rainbow bridge for cats,0.7493974366872397
Occasions and Gifts,resurrection poems for church,0.7484531915528524
Occasions and Gifts,sample condolences message,0.7462007763404579
Occasions and Gifts,schöne osterkarten,0.7763732990629351
Occasions and Gifts,schöne sprüche zum geburtstag,0.7689487499099732
Occasions and Gifts,schöne sprüche zur kommunion,0.7718528905209979
Occasions and Gifts,schöne taufsprüche,0.7651231974490152
Occasions and Gifts,schöne zitate zur geburt,0.7644699227555276
Occasions and Gifts,schöner spruch für hochzeit,0.7654099771171414
Occasions and Gifts,seder plate for passover,0.7503365367186202
Occasions and Gifts,send e cards free,0.787617333576981
Occasions and Gifts,short and sweet wedding wishes,0.8062753972004991
Occasions and Gifts,short passover haggadah,0.7788023680526827
Occasions and Gifts,sprüche für neugeborene jungen,0.7440420477369587
Occasions and Gifts,star wars free printable,0.7379732742387636
Occasions and Gifts,sympathy note loss of mother,0.7765147646523232
Occasions and Gifts,text zur geburt baby,0.7604860005701056
Occasions and Gifts,texte beileidskarten,0.804032005931337
Occasions and Gifts,texte für die kommunion,0.7751087155591799
Occasions and Gifts,the passover story for seder,0.773342087364649
Occasions and Gifts,the right words for a sympathy card,0.7964340550901582
Occasions and Gifts,vows in wedding ceremony,0.7892421212867778
Occasions and Gifts,wedding wishes sample,0.8077281451499657
Occasions and Gifts,what day is passover this year,0.7250366142827571
Occasions and Gifts,what exactly is passover,0.7273569025177069
Occasions and Gifts,when is passover over,0.7334813424578933
Occasions and Gifts,wording on memorial headstones,0.7768762893812414
Occasions and Gifts,worte für trauernde,0.7482228956290206
Occasions and Gifts,worte zur jugendweihe,0.7708344648438196
Occasions and Gifts,wünsche für ostern,0.7606845743929468
Occasions and Gifts,zum 70 geburtstag texte,0.7539278512259638
Occasions and Gifts,zum 90 geburtstag spruch,0.7515443771228448
Occasions and Gifts,zum ostern wünsche,0.7548868916086302
RealEstate,apartments 2 bedrooms,0.7928677898190548
RealEstate,bankruptcy house sale,0.7796736581838407
RealEstate,create own floor plan,0.7628172677815818
RealEstate,house age check,0.7138215053409342
RealEstate,house history by address free,0.7383112996934776
RealEstate,how much is my golf cart worth,0.684438151230706
RealEstate,mietspiegel finden,0.7671438298921106
RealEstate,purplewave com auction,0.7509378420727125
RealEstate,rural king supply,0.7498165174437056
RealEstate,self cleaning oven instructions,0.6706880379363291
RealEstate,sprüche zum umzug,0.7476597473304188
Retailers and GeneralMerchandise,+menards +rebate +forms +printable,0.7661588589323967
Retailers and GeneralMerchandise,amizone online shopping,0.761486000801344
Retailers and GeneralMerchandise,coopers catalogue online,0.7286112019780091
Retailers and GeneralMerchandise,edeka angebote dieser woche,0.7394458065627316
Retailers and GeneralMerchandise,get free robux real,0.7007397373565134
Retailers and GeneralMerchandise,joann fabrics shop online,0.7677281504875878
Retailers and GeneralMerchandise,kaufland diese woche im angebot,0.753519563032803
Retailers and GeneralMerchandise,kohl online,0.7486468841038366
Retailers and GeneralMerchandise,lowe weekly ad sales,0.7558093113974713
Retailers and GeneralMerchandise,ltd commodities clearance sale,0.763774043409542
Retailers and GeneralMerchandise,nearest open chemist,0.7383033382031812
Retailers and GeneralMerchandise,rare marbles worth money,0.6939090766371288
Retailers and GeneralMerchandise,safeway ad this week,0.7524140478966855
Retailers and GeneralMerchandise,sonnenblumenöl günstig kaufen,0.708717232832801
Retailers and GeneralMerchandise,tchibo online bestellen,0.7294525309465301
Retailers and GeneralMerchandise,thomas philipps aktueller prospekt,0.7320624623657729
Retailers and GeneralMerchandise,weekly ad for hy vee,0.749733859688396
Retailers and GeneralMerchandise,weekly specials at harris teeter,0.7515726351890858
Sports and Fitness,+friendly's +ice +cream +sundaes,0.7670205852975499
Sports and Fitness,bass pro official site,0.7529255384126586
Sports and Fitness,bayern 3fernsehen,0.7713123211831843
Sports and Fitness,bocce ball rules simple,0.7393969155617749
Sports and Fitness,canli tv atv canli yayin,0.743893052690167
Sports and Fitness,classic golf clubs value,0.7440117716660111
Sports and Fitness,complete 7 round mock draft,0.7457926182309139
Sports and Fitness,corn hole game rules,0.7097996743202761
Sports and Fitness,cotton traders on line,0.7295288466196547
Sports and Fitness,elektro dreirad gebraucht kaufen,0.7206112351593978
Sports and Fitness,ezgo golf cart identification,0.6861187930595579
Sports and Fitness,fahrrad rahmengröße tabelle,0.7152992251841017
Sports and Fitness,fiberglass golf cart,0.7524783963958414
Sports and Fitness,force outboard engine parts,0.7524703763088701
Sports and Fitness,füßball bundesliga,0.780700396038949
Sports and Fitness,gabi fastner gymnastik,0.7887326293475161
Sports and Fitness,gabi fastner morgengymnastik,0.790637955456261
Sports and Fitness,gas golf cart sale,0.763483011822692
Sports and Fitness,ghin post scores online,0.7249275234249968
Sports and Fitness,golf cart for sale for sale,0.7663983997952044
Sports and Fitness,how do you establish a golf handicap,0.7291132496170954
Sports and Fitness,komoot tourenplanung,0.7402921585695965
Sports and Fitness,live cricket match tv channel,0.7610244366743131
Sports and Fitness,montecarlo tennis live,0.7488814779735539
Sports and Fitness,nba playoffs schedule bracket,0.7455771206674935
Sports and Fitness,otaola en vivo hoy,0.7267699507794269
Sports and Fitness,pontoon marine,0.7476844425510043
Sports and Fitness,pontoon mini boat,0.7408391454284724
Sports and Fitness,rays printable schedule,0.7215823084678892
Sports and Fitness,second hand bicycles,0.7596438835312869
Sports and Fitness,used bowls bowls,0.7790070152709607
Sports and Fitness,used golf cart near me,0.7422526342640919
Sports and Fitness,watch nba game live now,0.7631258406553892
Sports and Fitness,what should my oxygen level be,0.7080923178192252
Sports and Fitness,wheelheels,0.7743766624512151
Sports and Fitness,zweite liga tabelle,0.7419296039314789
Travel and Tourism,+mein +schiff +deckplan,0.7328550142983582
Travel and Tourism,+route +map +aa +route +planner,0.750588852257744
Travel and Tourism,aberdeen bus routes,0.7032512600272055
Travel and Tourism,air ticket check online,0.7667887742253277
Travel and Tourism,airline book flights,0.7897665487866891
Travel and Tourism,airport parking dublin,0.7224540160855198
Travel and Tourism,alaska flight status,0.7088762534103558
Travel and Tourism,ankunftszeiten berlin schönefeld,0.7082426242913383
Travel and Tourism,apply for a lost title online,0.7213188295726565
Travel and Tourism,bahntickets sparpreise,0.7356535983090513
Travel and Tourism,booking ticket flight,0.8124175747992797
Travel and Tourism,canada visa application,0.7622825439285479
Travel and Tourism,cheap car park dublin airport,0.7080388602091726
Travel and Tourism,cheap flight booking,0.8077324537661718
Travel and Tourism,cheap flight ticket,0.7947705713075943
Travel and Tourism,cruises from rosyth scotland,0.7248512319649432
Travel and Tourism,db bahn fahrplanauskunft,0.763639258915134
Travel and Tourism,die schönsten ostergrüße,0.7047338681296936
Travel and Tourism,distance between to locations,0.7616112337157974
Travel and Tourism,eintrittspreise zoo leipzig,0.6878474962857777
Travel and Tourism,ethiopian airlines booking,0.7313263701737561
Travel and Tourism,fahrplanauskunft dt bahn,0.752765540763188
Travel and Tourism,fahrtauskunft bahn,0.7563620452392824
Travel and Tourism,finlake lodges for sale,0.6963802646947197
Travel and Tourism,flight cancellations ba,0.7498800512929779
Travel and Tourism,foid card renewal form,0.7166579295235186
Travel and Tourism,fähre nach insel föhr,0.75658461387943
Travel and Tourism,jason deli menu with prices,0.6783429940175844
Travel and Tourism,jetblue book flight,0.7479426361574963
Travel and Tourism,mackinac island ferry rates,0.6571118833168108
Travel and Tourism,meine bahn fahrplan,0.7494637947204579
Travel and Tourism,münchen hbf gleisplan,0.7209891255659828
Travel and Tourism,publisher clear house,0.7261120552379531
Travel and Tourism,spain passenger locater form,0.7240217967087968
Travel and Tourism,taxi berlin berechnen,0.7047812447241169
Travel and Tourism,travel requirements for spain,0.8006284833420256
Travel and Tourism,tsa precheck renewal form,0.6742545804864387
Travel and Tourism,turkish airlines ticket,0.7819041450851177
Travel and Tourism,zeppelinflüge preise,0.6873408914413112
Travel and Tourism,zug verbindungen,0.7456205750397245
Travel and Tourism,zugverbindungen db,0.7279329579610644
Vehicles,+motability +car +scheme +price +list,0.7998305305128323
Vehicles,5 love languages what are they,0.7093829552365323
Vehicles,boat for sale for sale,0.7974701385064347
Vehicles,bride bucket seats,0.7780242987773313
Vehicles,cars on motability scheme,0.8397237624254446
Vehicles,champion cross reference chart,0.735925312287217
Vehicles,check vehicle vin,0.8020641271799912
Vehicles,ford tire rebate online,0.7434145327668004
Vehicles,fram oil filter lookup chart,0.688521806908951
Vehicles,hess trucks by year value,0.7432285420305399
Vehicles,honda radio code website,0.72254432099344
Vehicles,honda trikes for sale near me,0.7363673082150332
Vehicles,jon boats for,0.7596763057188299
Vehicles,ju 52 rundflug,0.7517334672330231
Vehicles,passenger locator form spain,0.7202737463152409
Vehicles,rundflug mit zeppelin,0.739163636204042
Vehicles,used caravans near me,0.7814362551780668
Vehicles,used trolling motors sale,0.7528827430761312
Vehicles,vehicle history report,0.8111269327889384
Vehicles,vin number vehicle check,0.778085875729944
Vehicles,windshield cowl panel,0.7881936375686421
Vehicles,zeppelin rundflug,0.749427385807614
