Keyword,TENCODED_Cluster_keyw
+SAT1 +de +live,
+abfallkalender +gera,0.21485867064367814
+accurx,0.26505608661627905
+audibene +hörgerät +kosten,0.23987924921818182
+capirotada +de +leche +sin +horno,0.23054372933333334
+car +boot +sales +this +sunday,0.22191405123255814
+catholic +mass +live +online +streaming,0.2023441577638889
+e +cards +without +subscription,0.1973140988918919
+find +someone +electoral +roll +free,0.1973140988918919
+free +uk +census +1911,0.20987923345714288
+friendly's +ice +cream +sundaes,0.26505608661627905
+goodguys +show,0.2023441577638889
+greek +salad +recipe +authentic,0.23054372933333334
+how +to +bake +asparagus +in +oven,0.23054372933333334
+how +to +cook +precooked +ham,0.23054372933333334
+mein +schiff +deckplan,0.21485867064367814
+menards +rebate +forms +printable,0.2363573733230769
+motability +car +scheme +price +list,0.22191405123255814
+online +passover +seder,0.13263073184285712
+ostermotive +für +kerzen,0.23987924921818182
+peliculas +cristianas +en +español,0.2023441577638889
+roasting +time +leg +of +lamb,0.23054372933333334
+route +map +aa +route +planner,0.26505608661627905
+rtl +streamen +live,0.2023441577638889
+sonnenblumenöle,0.23987924921818182
+state +of +ohio +obituaries,0.2183617567142857
+tracfone +my +balance,0.20987923345714288
+what +are +the +rarest +2 +pound +coins,0.26505608661627905
+what +exactly +is +passover,0.13263073184285712
1 dollar silver certificate,0.2363573733230769
123greetings birthday cards,0.1750890408243243
1950 census records search,0.20987923345714288
24h zahnarzt notdienst,0.21485867064367814
40 best easter bible verses,0.13263073184285712
418 beispiele rede,0.21485867064367814
5 love languages what are they,0.26505608661627905
50 plus hairstyles for women,0.2256267575348837
7 +sayings +of +the +cross,
7 last sayings of christ,0.13263073184285712
70 geburtstags sprüche,0.1750890408243243
700 club prayer request online,0.2023441577638889
70th birthday quotes,0.1750890408243243
80 geburtstag lustig,0.1750890408243243
80 geburtstag sprueche,0.1750890408243243
90 geburtstag sprüche,0.1750890408243243
90 geburtstag text,0.1750890408243243
99 restaurant menu take out,0.21877977992682926
a prayer before dinner,0.13263073184285712
aberdeen bus routes,0.2363573733230769
abkürzungen blutwerte,0.21485867064367814
accordions,0.26505608661627905
activate netspend all access card,0.2363573733230769
activate netspend card,0.2363573733230769
adobe photoshop free,0.15329618844736842
adobe photoshop software,0.15329618844736842
adobe photoshop softwear,0.15329618844736842
air fryer owners manual,0.31600667548571426
air ticket check online,0.2363573733230769
airline book flights,0.2363573733230769
airport parking dublin,0.2363573733230769
aktuelle düngerpreise preis,0.21485867064367814
aktueller preis für pellets,0.21485867064367814
aktueller ölpreis heute,0.21485867064367814
aktuelles prospekt von edeka,0.21485867064367814
alaska flight status,0.2363573733230769
alte telefonkarten wert,0.21485867064367814
amizone online shopping,0.22191405123255814
ancestry for free,0.1973140988918919
ankunftszeiten berlin schönefeld,0.21485867064367814
anpassungsbetrag rente,0.21485867064367814
antenna signal map,0.26505608661627905
antivirus for my pc,0.15329618844736842
any desk download,0.15329618844736842
anydesk free version,0.15329618844736842
anydesk pc download,0.15329618844736842
apa formatting citation,0.2363573733230769
apartments 2 bedrooms,0.26505608661627905
apple schedule an appointment,0.2363573733230769
applebees price menu,0.21877977992682926
apply for a lost title online,0.20987923345714288
arbys near me menu,0.21877977992682926
ard medietek,0.2023441577638889
ark encounter williamstown kentucky,0.22191405123255814
arte tv sendung,0.21485867064367814
asolo theatre sarasota fl,0.2023441577638889
audio book listen online,0.2023441577638889
audio books listen free,0.1973140988918919
audio to text converter,0.1973140988918919
aufsitzmaeher kaufen,0.23987924921818182
aufsitzmäher vorführgeräte,0.23987924921818182
avaya phone manuals,0.31600667548571426
average cost of dog walker,0.26505608661627905
baby text geburt,0.1750890408243243
badegarten eibenstock,0.23987924921818182
bahntickets sparpreise,0.21485867064367814
baking pecans in oven,0.23054372933333334
banana bread moist recipe easy,0.23054372933333334
bankruptcy house sale,0.22191405123255814
bass pro official site,0.31600667548571426
bayern 3fernsehen,0.21485867064367814
bbc new live today,0.2023441577638889
beautiful birthday messages,0.1750890408243243
beautiful small garden ideas,0.26505608661627905
beginner excel training,0.1973140988918919
beginner typing course free,0.1973140988918919
begrüßungsrede beispiel,0.1750890408243243
begrüßungsrede geburtstagsgäste,0.1750890408243243
beileidskarte richtig schreiben,0.1750890408243243
beileidskarte schreiben kurz,0.1750890408243243
berliner testament vorlage kostenlos,0.21485867064367814
besinnliche ostergrüße,0.1750890408243243
best anniversary messages,0.2183617567142857
best coconut pie ever,0.23054372933333334
best deviled eggs ever,0.23054372933333334
best deviled eggs recipe ever,0.23054372933333334
best diet to lower cholestrol,0.2616922265714286
best dog for senior citizen,0.26505608661627905
best hairstyles for senior women,0.2256267575348837
best jewish noodle kugel recipe,0.23054372933333334
best movie downloading sites,0.15329618844736842
best paraphrasing,0.1973140988918919
best way to peel a boiled egg,0.23054372933333334
best way to stop a nose bleed,0.26505608661627905
billy graham museum library,0.2023441577638889
birth certificate online view,0.20987923345714288
bissell registration online,0.31600667548571426
black decker manuals,0.31600667548571426
blank lease agreement,0.2363573733230769
blood oxygen level by age,0.26505608661627905
blue disabled badge application,0.2363573733230769
bluetooth install,0.15329618844736842
blutzuckergerät ohne stechen,0.23987924921818182
bmi calculators and charts,0.26505608661627905
boat for sale for sale,0.22191405123255814
bob evans menu order online,0.21877977992682926
bocce ball rules simple,0.26505608661627905
bonefish menu with prices dinner,0.21877977992682926
book to read online,0.2023441577638889
booking ticket flight,0.2363573733230769
books free downloads,0.15329618844736842
boots pcr testing,0.22191405123255814
braun series 9 handbuch,0.23987924921818182
bride bucket seats,0.2256267575348837
broadband free speed test,0.1973140988918919
browser download for pc,0.15329618844736842
broyhill furniture official website,0.31600667548571426
bsr berlin gelber sack abholung,0.23987924921818182
buffalo news buffalo ny,0.2023441577638889
burger kings specials,0.21877977992682926
business proposal templates,0.14164939866666668
bügeleisensohle reinigen,0.23987924921818182
calculate bond value,0.2363573733230769
call of duty pc game download,0.15329618844736842
canada visa application,0.2363573733230769
canli tv atv canli yayin,0.2023441577638889
captain d's prices,0.21877977992682926
car boot sale sunday,0.22191405123255814
car boot sales this sunday,0.22191405123255814
care of peace lily indoor plant,0.26505608661627905
carrabba's dinner menu,0.21877977992682926
carrabba's restaurant menu prices,0.21877977992682926
cars on motability scheme,0.22191405123255814
cash immediately loan,0.2363573733230769
catholic church services near me,0.13263073184285712
catholic confession act of contrition,0.13263073184285712
cell phone location track,0.20987923345714288
champion cross reference chart,0.26505608661627905
cheap car park dublin airport,0.2363573733230769
cheap flight booking,0.2363573733230769
cheap flight ticket,0.2363573733230769
cheapest petrol near me,0.22191405123255814
check electoral roll for free,0.20987923345714288
check plagiarism free,0.1973140988918919
check vehicle vin,0.20987923345714288
chick fil a meal prices,0.21877977992682926
chili s take out menu,0.21877977992682926
chipotle to go menu,0.21877977992682926
chosen season 2 episode 1,0.2023441577638889
christliche sprüche ostern,0.1750890408243243
church resolution for a funeral,0.2183617567142857
cirrus bank atm locations,0.2363573733230769
classic golf clubs value,0.22191405123255814
classic solitaire with cards,0.1973140988918919
clock dials faces,0.26505608661627905
cocker spaniels for rehoming,0.26505608661627905
cocomelon kids songs,0.26505608661627905
columbus ohio obituaries by name,0.2183617567142857
comment apprendre l anglais,0.1973140988918919
complete 7 round mock draft,0.2023441577638889
computer games for kids,0.15329618844736842
conferencia mañanera en vivo,0.2023441577638889
congratulations greetings,0.1750890408243243
container location tracking,0.20987923345714288
cooking boneless lamb,0.23054372933333334
cooking leg lamb time,0.23054372933333334
cookworks food slicer parts,0.31600667548571426
coopers catalogue online,0.22191405123255814
coopers shop online,0.22191405123255814
cord of wood delivered near me,0.22191405123255814
cordless drill repair,0.31600667548571426
corn hole game rules,0.26505608661627905
cotton traders on line,0.22191405123255814
coursera courses online,0.1973140988918919
cover letters examples jobs,0.14164939866666668
cracker barrel menu online order,0.21877977992682926
creamy carbonara recipe,0.23054372933333334
create a free logo,0.1973140988918919
create a good cv,0.14164939866666668
create a logo design,0.1973140988918919
create own floor plan,0.26505608661627905
create your online signature,0.1973140988918919
crochet patterns for afghans free,0.1973140988918919
crochet patterns to print out,0.1973140988918919
cruises from rosyth scotland,0.22191405123255814
cuisinart registration online,0.31600667548571426
culver's food menu,0.21877977992682926
currency exchange rate today,0.2363573733230769
cute bridal shower sayings,0.2256267575348837
cv format download,0.14164939866666668
dahoam is dahoam sendung verpaßt,0.21485867064367814
daily effective prayer healing,0.13263073184285712
dance mom episodes full,0.2023441577638889
date of birth astrology,0.2023441577638889
db bahn fahrplanauskunft,0.21485867064367814
dehydration in senior citizens,0.26505608661627905
denny's menu prices,0.21877977992682926
dessous erotik,0.23987924921818182
determinate tomato plant,0.26505608661627905
diamant hochzeit sprüche,0.1750890408243243
die schönsten ostergrüße,0.1750890408243243
disability placard renewal,0.2363573733230769
discontinued corelle dinnerware sets,0.22191405123255814
distance between to locations,0.26505608661627905
doll hospital repair,0.26505608661627905
donate used eyeglasses,0.26505608661627905
download ipvanish vpn,0.15329618844736842
download photoshop ps,0.15329618844736842
downloadmusic,0.15329618844736842
downlode music for free,0.15329618844736842
dr charles stanley,0.2023441577638889
dr david jeremiah sermon today,0.2023441577638889
dr tony evans message today,0.2023441577638889
drinking baking soda water everyday,0.2616922265714286
drinking the water,0.26505608661627905
e free greeting cards,0.1973140988918919
easter and passover greetings,0.13263073184285712
easter blessing prayers,0.13263073184285712
easter dinner cracker barrel,0.13263073184285712
easter poems and quotes,0.13263073184285712
easter prayers and blessings,0.13263073184285712
easter sayings for cards,0.13263073184285712
easter verses for cards,0.13263073184285712
easter wishes for grandson,0.13263073184285712
easy brown sugar mustard glaze,0.23054372933333334
easy passover haggadah,0.13263073184285712
easy peal boiled eggs,0.23054372933333334
easy peel hard boiled egg secrets,0.23054372933333334
easy way to hard boil eggs,0.23054372933333334
edeka angebote dieser woche,0.21485867064367814
edeka blätterprospekt,0.21485867064367814
edeka katalog zum blättern,0.21485867064367814
edward hamilton discount books,0.22191405123255814
eintrittspreise zoo leipzig,0.21485867064367814
electric typewriter repair,0.31600667548571426
elektro dreirad gebraucht kaufen,0.23987924921818182
engine oil for your car,0.22191405123255814
english words dictionary,0.1973140988918919
ethiopian airlines booking,0.2363573733230769
example of an sop,0.14164939866666668
example strategic plan,0.14164939866666668
examples of a short bio,0.14164939866666668
ezgo golf cart identification,0.31600667548571426
f1b cockapoo puppies,0.26505608661627905
fahrplanauskunft dt bahn,0.21485867064367814
fahrrad rahmengröße tabelle,0.23987924921818182
fahrtauskunft bahn,0.21485867064367814
farmers boys menu,0.21877977992682926
fashion for senior ladies,0.2256267575348837
federal form i 9 printable,0.2363573733230769
female prisoners penpals,0.2256267575348837
fiberglass golf cart,0.22191405123255814
financial statement format,0.14164939866666668
find my phone by imei number,0.20987923345714288
find obituary,0.2183617567142857
finding out if someone has died,0.2183617567142857
finlake lodges for sale,0.22191405123255814
firehouse subs full menu,0.21877977992682926
five two love scott family quintuplets,0.2023441577638889
fixed deposite interest rates,0.2363573733230769
flash mob dancing,0.2023441577638889
flight cancellations ba,0.2363573733230769
flowering shrubs for shade,0.26505608661627905
flowering shrubs for shady areas,0.26505608661627905
foid card renewal form,0.2363573733230769
foods not to eat with ibs,0.2616922265714286
foods to avoid for diverticulosis,0.2616922265714286
force outboard engine parts,0.31600667548571426
ford tire rebate online,0.2363573733230769
foreign exchange rates today,0.2363573733230769
foreign money exchange rates,0.2363573733230769
formatos para cv gratis,0.14164939866666668
fotos große brüste,0.23987924921818182
fram oil filter lookup chart,0.31600667548571426
free 123 greeting cards,0.1973140988918919
free 1921 census search,0.20987923345714288
free afghan crochet patterns easy,0.1973140988918919
free census search by name,0.20987923345714288
free clipart for easter,0.13263073184285712
free comprehension test,0.1973140988918919
free custom logo maker,0.1973140988918919
free cv maker,0.14164939866666668
free cv resume template,0.14164939866666668
free cv template,0.14164939866666668
free cv template word,0.14164939866666668
free cv templetes,0.14164939866666668
free data recovery soft,0.15329618844736842
free deceased person search,0.20987923345714288
free downloades music,0.15329618844736842
free downlodable music,0.15329618844736842
free e cards no subscription,0.1973140988918919
free easter egg hunt clues,0.13263073184285712
free easter scavenger hunt riddles,0.13263073184285712
free english level test,0.1973140988918919
free invoice format,0.14164939866666668
free lyrics to print out,0.1973140988918919
free lyrics to songs to print,0.1973140988918919
free movie website,0.1973140988918919
free mp4 to mp3 convertor,0.15329618844736842
free passover haggadah,0.13263073184285712
free powerpoint template,0.14164939866666668
free preschool alphabet printables,0.1973140988918919
free printable easter sheets,0.13263073184285712
free printable piano music,0.1973140988918919
free proposal templates,0.14164939866666668
free puppies to good homes,0.26505608661627905
free samples and loops,0.1973140988918919
free scanner frequencies by zip code,0.20987923345714288
free scavenger hunts,0.1973140988918919
free sound effects downloads,0.15329618844736842
free spelling grammar check,0.1973140988918919
free templates for cv,0.14164939866666668
free typing master software,0.1973140988918919
free vpn for laptop,0.15329618844736842
free vpn in chrome,0.15329618844736842
freemovies to watch,0.2023441577638889
fresh ham recipe slow cooker,0.23054372933333334
frohe ostern wünsche texte,0.1750890408243243
full bollywood movies,0.2023441577638889
full english latest movies,0.2023441577638889
full shade ground cover plants,0.26505608661627905
fully cooked ham recipes oven,0.23054372933333334
fully funded scholarship,0.1973140988918919
fähre nach insel föhr,0.21485867064367814
füßball bundesliga,0.21485867064367814
gabi fastner gymnastik,0.23987924921818182
gabi fastner morgengymnastik,0.23987924921818182
games of pc,0.15329618844736842
garden nurseries near me,0.22191405123255814
gardening zone map by zip code,0.26505608661627905
gas golf cart sale,0.22191405123255814
gas station non ethanol near me,0.22191405123255814
geburtstag sprüche schön,0.1750890408243243
geburtstagswünsche brief,0.1750890408243243
geburtstagswünsche für frauen,0.1750890408243243
geile frauen,0.23987924921818182
geile junge damen,0.23987924921818182
gestern in der ard,0.21485867064367814
get copy of 1095 a,0.2363573733230769
get free robux real,0.1973140988918919
gewinncode,0.1973140988918919
gewinnspiel krombacher,0.21485867064367814
ghin post scores online,0.1973140988918919
glückwünsche zur geburt junge,0.1750890408243243
goldene hochzeit rede,0.1750890408243243
golf cart for sale for sale,0.22191405123255814
good friday church service,0.13263073184285712
good friday holy mass,0.13263073184285712
good friday services,0.13263073184285712
good morning america recipes today,0.23054372933333334
good vegetables to feed dogs,0.2616922265714286
gottesdienst zu karfreitag,0.1750890408243243
gottingen flohmarkt,0.23987924921818182
gout diet foods to avoid,0.2616922265714286
gratis prnofilme,0.21485867064367814
great clips c,0.2023441577638889
great clips make appointment,0.2023441577638889
größentabelle inch cm,0.23987924921818182
grüße zu ostern kostenlos,0.1750890408243243
guest wedding outfits for ladies,0.2256267575348837
gürtelrosen bilder,0.23987924921818182
hairstyles senior women,0.2256267575348837
ham honey brown sugar glaze,0.23054372933333334
handicap parking permit form,0.2363573733230769
happy marriage day wishes,0.2256267575348837
happy passover greetings,0.13263073184285712
hartford courant obituaries ct,0.2183617567142857
heilige familie,0.13263073184285712
heizöl tagespreis hoyer,0.21485867064367814
hepatica plant,0.26505608661627905
hermes parcel service near me,0.22191405123255814
herrschners yarns,0.23987924921818182
hess trucks by year value,0.22191405123255814
highest magnesium foods list,0.2616922265714286
hochbeete richtig befüllen,0.23987924921818182
hochzeitsrede brautvater,0.1750890408243243
holy mass easter sunday,0.13263073184285712
honda radio code website,0.31600667548571426
honda trikes for sale near me,0.22191405123255814
hotpoint tall freezers frost free,0.31600667548571426
house age check,0.20987923345714288
house history by address free,0.20987923345714288
how do i cook asparagus,0.23054372933333334
how do i download movies,0.15329618844736842
how do i find out my apple id,0.20987923345714288
how do i measure for bra size,0.26505608661627905
how do you establish a golf handicap,0.26505608661627905
how long to cook 11lb ham,0.23054372933333334
how much is my golf cart worth,0.22191405123255814
how to clean burnt stainless pot,0.23054372933333334
how to convert file to mp4 free,0.15329618844736842
how to create a cheese platter,0.23054372933333334
how to find wps pin for hp printer,0.31600667548571426
how to fix smoke detector chirping,0.31600667548571426
how to make cat stop biting,0.26505608661627905
how to make printer offline to online,0.31600667548571426
how to make simple dog treats,0.23054372933333334
how to measure for a walking stick,0.26505608661627905
how to renew disabled badge,0.2363573733230769
how to ripen avocados fast,0.23054372933333334
how to say the divine mercy novena,0.13263073184285712
how to setup printer on chromebook,0.15329618844736842
how to unlock sct tuner for free,0.1973140988918919
how to use miralax powder,0.26505608661627905
html code for website,0.1973140988918919
human body anatomy diagrams,0.26505608661627905
hummel figurines value old,0.26505608661627905
hummingbird food sugar water,0.26505608661627905
idealer blutdruck ab 60,0.23987924921818182
ielts english test practice,0.1973140988918919
ielts preparation test,0.1973140988918919
ielts reading academic,0.1973140988918919
image to text converter,0.1973140988918919
imei phone tracker,0.20987923345714288
in loving memory poems,0.2183617567142857
in memory sayings and phrases,0.2183617567142857
iptv m3u channels,0.2023441577638889
ischias schmerzen symptome,0.23987924921818182
jack box fast food menu,0.21877977992682926
jackie lawson easter cards,0.13263073184285712
jacquie larson ecards,0.26505608661627905
jacquie lawson gift cards,0.22191405123255814
jason deli menu with prices,0.21877977992682926
jello easter egg,0.13263073184285712
jetblue book flight,0.2363573733230769
jewish greetings for passover,0.13263073184285712
jewish holiday calander,0.13263073184285712
jewish recipe for brisket,0.23054372933333334
jews by country,0.13263073184285712
joann fabric and crafts store,0.22191405123255814
joann fabrics shop online,0.22191405123255814
joanne fabric online,0.22191405123255814
joanns fabric and craft store,0.22191405123255814
john crace guardian articles,0.2023441577638889
john lewis clearance sale,0.22191405123255814
jon boats for,0.22191405123255814
jpg file size reducer,0.26505608661627905
ju 52 rundflug,0.21485867064367814
kabel 1 live,0.2023441577638889
kaufland diese woche im angebot,0.21485867064367814
kid friendly haggadah,0.13263073184285712
kids coloring pages free printable,0.1973140988918919
kings burger menu,0.21877977992682926
kings polish,0.2023441577638889
klarna kundenservice kontakt email,0.21485867064367814
kochzeit frischer spargel,0.23987924921818182
kohl online,0.23987924921818182
kommunion sprüche kindgerecht,0.1750890408243243
kommunion sprüche kurz,0.1750890408243243
kommunion sprüche texte,0.1750890408243243
komoot tourenplanung,0.21485867064367814
konzerte elbphilharmonie,0.21485867064367814
kostenlose osterbilder,0.21485867064367814
kostenlose ostergrüsse,0.1750890408243243
krombacher gewinnspiel,0.21485867064367814
kubota serial number year,0.31600667548571426
kurze sprüche zum 70 geburtstag,0.1750890408243243
kündigung vorlagen mietvertrag,0.21485867064367814
ladies dresses petite,0.2256267575348837
ladies two piece wedding outfits,0.2256267575348837
landkarte ukraine,0.21485867064367814
latest crude oil price,0.22191405123255814
latest tamil movies,0.2023441577638889
laundry symbol chart,0.26505608661627905
lee valley online catalog,0.22191405123255814
liebe worte für eine trauerkarte,0.1750890408243243
lion club glasses donation,0.26505608661627905
list of deer resistant shrubs,0.26505608661627905
list of food that is gluten free,0.2616922265714286
listening ielts test,0.1973140988918919
little caesars pizza menu online,0.21877977992682926
live cricket match tv channel,0.2023441577638889
live football live streaming,0.2023441577638889
live football stream app,0.2023441577638889
live football tv stream,0.2023441577638889
lizenzfreie bilder ostern,0.21485867064367814
local mobility scooters,0.22191405123255814
local recent obituaries,0.2183617567142857
locate my phone by imei,0.20987923345714288
lowe weekly ad sales,0.22191405123255814
lpg filling stations near me,0.22191405123255814
ltd commodities clearance sale,0.22191405123255814
lucas funeral home obituaries,0.2183617567142857
lunch menu for cracker barrel,0.21877977992682926
lurcher rescue,0.26505608661627905
lustige ostergrüße kostenlos,0.1750890408243243
lustige sprüche zum 70,0.1750890408243243
lustiger geburtstagstext,0.1750890408243243
mackinac island ferry rates,0.2363573733230769
mafs australia full episodes,0.2023441577638889
make e signature free,0.1973140988918919
make own logo free,0.1973140988918919
manual for brother sewing machine,0.31600667548571426
manual for ge self cleaning oven,0.31600667548571426
marco's pizza menu,0.21877977992682926
marina hyde guardian,0.2023441577638889
marketing plan samples,0.14164939866666668
matrix kappsäge ersatzteile,0.23987924921818182
mcdonald's menu prices,0.21877977992682926
meaning of the 7 last words of jesus,0.13263073184285712
measure hat size chart,0.26505608661627905
meet singles for free,0.1973140988918919
meine bahn fahrplan,0.21485867064367814
meine deutschlandcard punktestand,0.21485867064367814
memorial memorials & funerals,0.2183617567142857
menu for captain d's,0.21877977992682926
menu for chop house,0.21877977992682926
menu for cracker barrel dinner,0.21877977992682926
menu tgi fridays restaurant,0.21877977992682926
message for sympathy,0.2183617567142857
metz fernseher testsieger,0.23987924921818182
michigan county map with cities,0.26505608661627905
microsoft excel download,0.15329618844736842
microsoft office free install,0.15329618844736842
microsoft word free,0.1973140988918919
mietspiegel finden,0.23987924921818182
military id renew,0.2363573733230769
mobile cat grooming near me,0.22191405123255814
monsoon dresses for women,0.2256267575348837
montecarlo tennis live,0.2023441577638889
month birthstone colors,0.2256267575348837
months and their birthstones,0.2256267575348837
moto g user manual,0.31600667548571426
mr cooper mortgage payments,0.2363573733230769
mt4 windows download,0.15329618844736842
mustertext für trauerkarte,0.1750890408243243
my fortiva com my account,0.2363573733230769
my wish mother son dance,0.2023441577638889
münchen hbf gleisplan,0.21485867064367814
name of the 12 disciples,0.13263073184285712
naturist photography,0.2256267575348837
navy graduation live stream,0.2023441577638889
nba playoffs schedule bracket,0.2023441577638889
nearest long john silvers to me,0.22191405123255814
nearest open chemist,0.22191405123255814
nearest twic card office,0.2363573733230769
need for speed download,0.15329618844736842
need for speed for laptop,0.15329618844736842
netspend activate card,0.2363573733230769
nette sprüche zum einzug,0.1750890408243243
netto prospekt aktuell zum blättern,0.21485867064367814
netto prospekt blättern,0.21485867064367814
netto prospekt zum blättern,0.21485867064367814
new movies bollywood,0.2023441577638889
new release movies to watch,0.2023441577638889
new short hairstyles for older women,0.2256267575348837
nextdoor neighbourhood,0.26505608661627905
nhs dental practice nearby,0.22191405123255814
non profit grant funding,0.1973140988918919
norma prospekte aktuelle angebote,0.21485867064367814
normal range for body temperature,0.26505608661627905
notdienst zahnarzt heute geöffnet,0.21485867064367814
notes for sympathy card,0.2183617567142857
number plate value instant,0.20987923345714288
obituaries deaths,0.2183617567142857
obituaries in minnesota,0.2183617567142857
obituaries indianapolis star,0.2183617567142857
obituaries winston salem nc,0.2183617567142857
obituary in phoenix az,0.2183617567142857
ocr convert image to text,0.1973140988918919
ohio death records online,0.2183617567142857
older woman dresses,0.2256267575348837
oleander zurückschneiden,0.23987924921818182
olive garden menu online order,0.21877977992682926
olive gardens toscana soup recipe,0.23054372933333334
online bestellung rewe,0.23987924921818182
online ordnance survey map,0.20987923345714288
online phone tracking,0.20987923345714288
open mic night near me,0.2023441577638889
original 7 layer salad recipe,0.23054372933333334
original spider solitaire free,0.1973140988918919
originelle verse zum 80,0.1750890408243243
orion produkte,0.23987924921818182
otaola en vivo hoy,0.2023441577638889
oven cleaning baking soda,0.23054372933333334
over 60 hairstyles for women,0.2256267575348837
over 60 womens haircuts,0.2256267575348837
ownership of boundary fences,0.26505608661627905
oxygen levels chart by age,0.26505608661627905
panda express takeout menu,0.21877977992682926
panera full menu,0.21877977992682926
parakeets on sale,0.22191405123255814
paraphrasing tool free,0.1973140988918919
passenger locator form spain,0.2363573733230769
passion of the christ for free,0.13263073184285712
pc games computer games,0.15329618844736842
pcr test in meiner nähe,0.21485867064367814
penny prospekt zum blättern,0.21485867064367814
petrol prices nearby,0.22191405123255814
phone numbers directory,0.20987923345714288
photoshop download for pc,0.15329618844736842
photoshop software,0.15329618844736842
pictures of bobs hairstyles,0.2256267575348837
pioneer woman's recipes,0.23054372933333334
play call of duty,0.2023441577638889
play farm ville 2,0.26505608661627905
poems of grief and loss,0.2183617567142857
poems to read at funerals,0.2183617567142857
pontoon marine,0.22191405123255814
pontoon mini boat,0.22191405123255814
postcodes in england,0.20987923345714288
potassium foods highest to lowest,0.2616922265714286
powerpoint download,0.15329618844736842
powerpoint template free,0.14164939866666668
prayer of st francis words,0.13263073184285712
premier sports free trial,0.2023441577638889
presidents rated best to worst,0.2023441577638889
prevagen negative side effects,0.26505608661627905
print form 1095 a,0.2363573733230769
print lyrics for free,0.1973140988918919
printable activities for kids,0.1973140988918919
printable easter egg hunt clues,0.13263073184285712
printable rainbow bridge for cats,0.26505608661627905
printable scavenger hunt list,0.1973140988918919
printable tenancy agreement,0.2363573733230769
professional cv examples,0.14164939866666668
propane gas bottles near me,0.22191405123255814
psychometric test online,0.1973140988918919
public military records free,0.20987923345714288
publisher clear house,0.2023441577638889
publishers clearin house,0.2023441577638889
publishers clering house,0.2023441577638889
pulse for seniors,0.26505608661627905
purplewave com auction,0.22191405123255814
pushpa full movie,0.2023441577638889
quest lab supply order form,0.22191405123255814
quick cures for constipation,0.2616922265714286
quick deviled egg recipe,0.23054372933333334
quik shade instant canopy parts,0.31600667548571426
quillbot paraphrasing tool,0.1973140988918919
quotes for easter,0.13263073184285712
rabbit purchase,0.26505608661627905
radio vision d espoir tv live,0.2023441577638889
ragdoll ragdoll,0.26505608661627905
rare marbles worth money,0.26505608661627905
ray boltz thank you,0.2023441577638889
rays printable schedule,0.2363573733230769
read any book for free,0.1973140988918919
reading samples for oet,0.14164939866666668
reasons for dry mouth at night,0.26505608661627905
recipe for brown sugar carrots,0.23054372933333334
recipe for cold broccoli salad,0.23054372933333334
recipe for pistachio salad,0.23054372933333334
recipes of air fryer,0.23054372933333334
recover lost email account,0.20987923345714288
recycle eyeglasses near me,0.22191405123255814
red hat women's club,0.2256267575348837
reden für goldene hochzeit,0.1750890408243243
reel to reel for sale for sale,0.22191405123255814
refurbished mobility scooters,0.22191405123255814
research proposal,0.14164939866666668
restore sound on my computer,0.15329618844736842
resume template for free,0.14164939866666668
resume templates download,0.14164939866666668
resume templates for free,0.14164939866666668
resurrection poems for church,0.13263073184285712
rewe angebote prospekt woche,0.21485867064367814
rewe sonderangebote prospekt,0.21485867064367814
roasting time leg of lamb,0.23054372933333334
rt deu,0.21485867064367814
rt russia tv live,0.2023441577638889
rtl fernsehen live anschauen,0.21485867064367814
rtl jetzt live sehen,0.21485867064367814
rtl live kostenlos,0.21485867064367814
rtl live kostenlos streamen,0.21485867064367814
rtl live stream kostenlos,0.21485867064367814
rundflug mit zeppelin,0.21485867064367814
rural king supply,0.22191405123255814
safeway ad this week,0.22191405123255814
same day pcr testing near me,0.22191405123255814
sample condolences message,0.2183617567142857
sample letter of resignation letters,0.14164939866666668
sample of thanks letter,0.14164939866666668
sample proposal templates,0.14164939866666668
samples of a project proposal,0.14164939866666668
samples of meeting minutes,0.14164939866666668
sat 1 verpasste sendungen,0.21485867064367814
saturday car boots,0.22191405123255814
scanner for documents,0.1973140988918919
scavenger hunt for kids game,0.26505608661627905
scholarships in usa,0.1973140988918919
schrottpreise tagespreis,0.21485867064367814
schuhgröse,0.23987924921818182
schöne beileidssprüche,0.1750890408243243
schöne osterkarten,0.1750890408243243
schöne persönliche trauersprüche,0.1750890408243243
schöne sprüche zum 60,0.1750890408243243
schöne sprüche zum 85 geburtstag,0.1750890408243243
schöne sprüche zum geburtstag,0.1750890408243243
schöne sprüche zur kommunion,0.1750890408243243
schöne taufsprüche,0.1750890408243243
schöne zitate zur geburt,0.1750890408243243
schöner spruch für hochzeit,0.1750890408243243
schöner spruch zum geburtstag,0.1750890408243243
scotts spreader parts,0.31600667548571426
seamless underwear sets,0.2256267575348837
search obituaries for free,0.2183617567142857
search obituaries online,0.2183617567142857
second hand bicycles,0.22191405123255814
second hand books for sale,0.22191405123255814
seder plate for passover,0.13263073184285712
self cleaning oven instructions,0.23054372933333334
self propelled cordless mower,0.22191405123255814
send e cards free,0.1973140988918919
sennheiser manuals,0.31600667548571426
sernik przepis łatwy,0.23054372933333334
sheetz reward card registration,0.2363573733230769
short and sweet wedding wishes,0.2256267575348837
short church easter poems,0.13263073184285712
short condolences quotes,0.2183617567142857
short easter stories for adults,0.13263073184285712
short hair cut photos,0.2256267575348837
short hair cuts for seniors,0.2256267575348837
short haircuts for very thin hair,0.2256267575348837
short hairstyles curly hair,0.2256267575348837
short hairstyles mature women,0.2256267575348837
short passover haggadah,0.13263073184285712
short printable haggadah,0.13263073184285712
shrubs for shaded areas,0.26505608661627905
shrubs that do well in shade,0.26505608661627905
siemens fehler,0.23987924921818182
silberschmuck reinigen mit alufolie,0.23987924921818182
site rencontre sérieux,0.2023441577638889
skip hire cheapest,0.22191405123255814
small dog rescue in my area,0.26505608661627905
small skip hire cost,0.22191405123255814
smart dresses for wedding,0.2256267575348837
soil temperature map,0.26505608661627905
sonnenblumenöl günstig kaufen,0.23987924921818182
sonnenblumenöl kaufen,0.23987924921818182
sosandar women's clothing,0.2256267575348837
sound volume increase,0.26505608661627905
spain passenger locater form,0.2363573733230769
sprüche für neugeborene jungen,0.1750890408243243
sprüche zum umzug,0.1750890408243243
st patrick live mass,0.13263073184285712
star wars free printable,0.1973140988918919
stool color pictures,0.26505608661627905
styrofoam recycling centers near me,0.22191405123255814
subway order menu,0.21877977992682926
suche älteren hund hunde,0.23987924921818182
sudoku kostenlos,0.21485867064367814
symbole wäschezeichen,0.23987924921818182
sympathy note loss of mother,0.2183617567142857
sätze zum danke sagen,0.1750890408243243
taufe taufe,0.1750890408243243
taxi berlin berechnen,0.21485867064367814
taxi ride cost calculator,0.2363573733230769
tchibo de online shop,0.23987924921818182
tchibo online bestellen,0.23987924921818182
tcm full schedule,0.2023441577638889
technics electric keyboard,0.31600667548571426
teig rezept für waffeln,0.23987924921818182
telefonnummern rückwärtssuche,0.21485867064367814
tesco leg of lamb half price,0.22191405123255814
text zur geburt baby,0.1750890408243243
texte beileidskarten,0.1750890408243243
texte für die kommunion,0.1750890408243243
texte für eine geburtstagskarte,0.1750890408243243
tfc kapamilya daily mass,0.2023441577638889
the best ever pecan pie,0.23054372933333334
the doctors tv show online,0.2023441577638889
the passover story for seder,0.13263073184285712
the right words for a sympathy card,0.2183617567142857
the sash my father wore,0.2256267575348837
the villages sun obituaries,0.2183617567142857
thomas philipps aktueller prospekt,0.21485867064367814
tia stroke explained,0.26505608661627905
tierarzt notdienst in der nähe,0.21485867064367814
today show recipes today,0.23054372933333334
today's date date,0.2023441577638889
today's full episode young restless,0.2023441577638889
today's pioneer woman recipes,0.23054372933333334
tolle nackte frauen,0.23987924921818182
top 10 built in double ovens,0.23054372933333334
top 10 cam sites,0.2023441577638889
top 10 must read fiction books,0.2023441577638889
top ten book club reads,0.2023441577638889
tracfone my account balance,0.2363573733230769
tracing mobile phone location,0.20987923345714288
track my phone with imei,0.20987923345714288
track my stolen phone free,0.20987923345714288
track phone with number free,0.20987923345714288
traditional deviled eggs recipe,0.23054372933333334
traditional jewish food for passover,0.13263073184285712
translate documents free,0.1973140988918919
transparent bikini swimwear,0.2256267575348837
travel requirements for spain,0.2363573733230769
triplex airbrush,0.26505608661627905
tsa precheck renewal form,0.2363573733230769
turkish airlines ticket,0.2363573733230769
turnitin free checker,0.1973140988918919
turnitin plagiarism checker,0.1973140988918919
turnitin self checker,0.1973140988918919
tv8 canlı yayın survivor,0.2023441577638889
types of epilepsy seizure,0.26505608661627905
uk gold price live,0.2023441577638889
understanding down syndrome,0.26505608661627905
uniden 6.0 user manual,0.31600667548571426
unze gramm rechner,0.21485867064367814
usda growing zone by zip code,0.26505608661627905
used bowls bowls,0.26505608661627905
used caravans near me,0.22191405123255814
used golf cart near me,0.22191405123255814
used trolling motors sale,0.22191405123255814
vacation paper stop,0.2363573733230769
value first day covers,0.2363573733230769
vehicle history report,0.20987923345714288
velodyne subwoofer parts,0.31600667548571426
vermont country store online catalog,0.22191405123255814
vin number vehicle check,0.20987923345714288
visit tubi tv activate enter code,0.2023441577638889
vows in wedding ceremony,0.2256267575348837
vtech cordless phones manual,0.31600667548571426
vtech user manual,0.31600667548571426
w 9 blank form irs,0.2363573733230769
w 9 form to print out,0.2363573733230769
w9 form printable,0.2363573733230769
walk in health clinic near me,0.22191405123255814
waltham serial numbers,0.31600667548571426
was darf man essen bei gicht,0.2616922265714286
was ist eine bipolare erkrankung,0.23987924921818182
was ist eine bipolare störung,0.23987924921818182
was ist novaminsulfon,0.23987924921818182
was ist podcast,0.21485867064367814
watch film,0.2023441577638889
watch nba game live now,0.2023441577638889
wdr fernsehn mediathek,0.21485867064367814
wedding ladies trouser suit,0.2256267575348837
wedding outfits ladies,0.2256267575348837
wedding outfits mother groom,0.2256267575348837
wedding wishes sample,0.2256267575348837
weekly ad for hy vee,0.22191405123255814
weekly specials at harris teeter,0.21877977992682926
wendy's menu with prices,0.21877977992682926
wendy's take out menu,0.21877977992682926
western stoneware crock,0.26505608661627905
what are star notes worth,0.2363573733230769
what can t diabetics eat list,0.2616922265714286
what day is passover this year,0.13263073184285712
what do i write in a sympathy card,0.2183617567142857
what does passover mean,0.13263073184285712
what exactly is passover,0.13263073184285712
what foods can i eat with acid reflux,0.2616922265714286
what is good about good friday,0.13263073184285712
what is my 50p worth,0.22191405123255814
what is my ee bond worth today,0.2363573733230769
what is the right temp for a fridge,0.26505608661627905
what should my oxygen level be,0.26505608661627905
whats open easter sunday,0.13263073184285712
wheelheels,0.26505608661627905
when is passover over,0.13263073184285712
where can i sell my hummels,0.22191405123255814
where to sell deer hides,0.22191405123255814
which best cordless lawnmower,0.22191405123255814
who has diesel fuel near me,0.22191405123255814
windshield cowl panel,0.22191405123255814
wisconsin obituary records,0.2183617567142857
women short hair cut style,0.2256267575348837
wording on memorial headstones,0.2183617567142857
words to the wedding song,0.2256267575348837
worte für trauernde,0.1750890408243243
worte zur jugendweihe,0.1750890408243243
write a report sample,0.14164939866666668
writing an obituary template,0.2183617567142857
writing checker online,0.1973140988918919
wünsche für neugeborene,0.1750890408243243
wünsche für ostern,0.1750890408243243
xfinity for comcast,0.2023441577638889
zeppelin rundflug,0.21485867064367814
zeppelinflüge preise,0.21485867064367814
zitate sprüche,0.1750890408243243
zitate sprüche weisheiten,0.1750890408243243
zoggs childrens swimwear,0.2256267575348837
zora klipp,0.21485867064367814
zuckertest werte tabelle,0.21485867064367814
zug verbindungen,0.21485867064367814
zugverbindungen db,0.21485867064367814
zum 60 lustige sprüche,0.1750890408243243
zum 70 geburtstag texte,0.1750890408243243
zum 90 geburtstag spruch,0.1750890408243243
zum ostern wünsche,0.1750890408243243
zusammen masturbieren,0.23987924921818182
zutaten raclette rezepte,0.23987924921818182
zwei brüder venlo kaffee,0.21485867064367814
zweite liga tabelle,0.21485867064367814
ältere hunde für senioren,0.23987924921818182
ärzte sterbehilfe,0.21485867064367814
öffnungs zeiten,0.21485867064367814
öffnungszeiten bäckerei,0.21485867064367814
örtliche das telefonbuch,0.21485867064367814
örtliches rückwärtssuche,0.21485867064367814
übergabeprotokoll muster kostenlos,0.21485867064367814
übersicht sternzeichen,0.21485867064367814
